EmpNumber,Age,Gender,EducationBackground,MaritalStatus,EmpDepartment,EmpJobRole,BusinessTravelFrequency,DistanceFromHome,EmpEducationLevel,EmpEnvironmentSatisfaction,EmpHourlyRate,EmpJobInvolvement,EmpJobLevel,EmpJobSatisfaction,NumCompaniesWorked,OverTime,EmpLastSalaryHikePercent,EmpRelationshipSatisfaction,TotalWorkExperienceInYears,TrainingTimesLastYear,EmpWorkLifeBalance,ExperienceYearsAtThisCompany,ExperienceYearsInCurrentRole,YearsSinceLastPromotion,YearsWithCurrManager,Attrition,PerformanceRating
0,32,1,2,2,5,13,2,10,3,4,55,3,2,4,1,0,12,4,10,2,2,10,7,0,8,0,3
1,47,1,2,2,5,13,2,14,4,4,42,3,2,1,2,0,12,4,20,2,3,7,7,1,7,0,3
2,40,1,1,1,5,13,1,5,4,4,48,2,3,1,5,1,21,3,20,2,3,18,13,1,12,0,4
3,60,1,2,2,5,13,2,16,4,1,84,3,2,1,8,0,14,4,10,1,3,2,2,2,2,0,3
4,27,1,1,0,1,3,1,10,2,4,32,3,3,1,1,0,21,3,9,4,2,9,7,1,7,0,4
5,50,1,2,1,5,14,2,8,4,4,54,3,1,2,7,0,15,4,4,2,3,2,2,2,2,0,3
6,28,0,1,2,1,3,2,1,2,1,67,1,1,2,7,1,13,4,10,4,3,7,7,3,7,1,3
7,38,0,1,2,1,3,2,1,3,3,81,3,3,3,4,1,14,4,10,4,4,1,0,0,0,0,3
8,30,1,2,0,5,13,2,27,5,3,99,3,2,4,7,0,23,4,10,2,2,8,7,7,7,0,4
9,42,1,3,0,1,3,1,19,3,3,57,4,1,3,6,1,12,4,7,2,3,2,2,2,2,1,3
10,34,0,3,2,1,3,2,8,2,2,96,3,2,3,3,0,11,4,10,2,3,5,1,4,3,0,3
11,40,0,3,2,1,3,2,2,1,4,86,2,1,4,0,1,20,4,5,2,2,4,2,2,3,0,4
12,27,0,3,2,1,3,2,7,3,4,55,2,2,1,8,0,19,1,9,2,1,7,6,0,7,0,3
13,29,1,2,0,5,14,2,10,3,4,83,3,1,2,1,0,14,4,2,2,3,2,2,2,2,0,3
14,53,1,1,2,1,3,2,6,3,4,86,3,2,4,2,0,17,4,19,4,3,2,2,2,2,0,3
15,35,0,1,0,1,15,0,2,4,4,61,3,2,1,2,0,11,1,16,2,4,1,0,0,0,0,3
16,32,1,1,1,1,3,1,24,4,1,80,3,2,4,1,0,15,4,10,2,3,10,8,4,7,0,3
17,34,0,1,0,1,3,2,8,5,2,32,3,2,1,3,0,14,3,7,3,3,0,0,0,0,0,3
18,33,1,4,2,1,3,2,1,4,4,63,3,1,4,1,1,13,3,10,2,2,10,9,7,8,1,3
19,45,1,5,2,5,14,2,2,2,2,46,1,2,3,0,0,13,1,9,3,3,8,7,3,1,0,3
20,23,1,3,2,1,3,2,10,1,1,79,4,1,3,1,0,18,4,2,3,3,2,2,0,2,0,3
21,47,0,1,2,5,13,1,27,2,2,77,4,2,3,4,1,12,4,8,2,3,5,4,1,3,1,3
22,36,1,1,2,5,13,0,8,4,1,76,2,3,1,1,0,15,2,10,1,3,10,7,0,9,0,3
23,52,1,3,1,1,3,0,19,4,4,41,3,1,4,0,0,18,1,5,3,3,4,3,1,2,0,3
24,26,0,1,0,1,3,1,1,2,1,71,1,1,4,3,0,14,1,5,2,3,2,2,2,0,0,3
25,29,0,3,1,1,3,2,27,3,2,66,3,2,3,4,0,12,1,11,3,2,8,7,1,1,0,3
26,26,1,5,2,5,13,2,8,3,4,38,2,2,1,6,0,17,3,6,2,2,4,3,1,2,1,3
27,34,0,1,2,1,3,2,1,4,2,72,4,1,4,2,0,16,3,10,2,3,4,2,1,3,0,3
28,27,1,2,1,5,13,1,8,1,3,84,3,2,4,0,0,19,2,5,3,3,4,2,1,1,0,3
29,37,0,1,0,1,3,2,10,1,4,82,3,1,1,0,1,13,2,6,3,2,5,3,4,3,0,3
30,38,0,1,2,1,3,1,2,4,1,75,4,2,1,6,1,12,4,17,2,3,15,7,4,12,0,3
31,34,0,3,2,1,3,2,2,4,3,86,2,1,1,1,0,11,3,6,3,3,6,5,1,3,0,3
32,35,0,1,1,5,14,2,8,4,1,72,3,1,4,1,0,16,2,3,1,2,3,2,0,2,0,3
33,40,0,3,1,1,3,1,2,2,3,38,4,2,2,1,0,24,4,8,2,3,8,7,3,7,0,4
34,34,0,1,1,5,13,2,8,2,3,93,3,2,1,5,0,17,2,6,1,3,3,2,1,2,0,3
35,24,1,1,0,1,15,0,9,3,3,60,2,1,2,1,0,11,3,1,4,3,1,0,0,0,0,3
36,52,0,1,1,1,15,2,11,4,4,82,3,2,3,8,0,20,2,9,3,3,5,2,1,4,0,4
37,29,0,1,1,1,3,2,1,2,2,36,2,1,1,1,1,11,4,1,1,3,1,0,0,0,1,3
38,33,1,3,1,1,3,2,7,3,3,49,3,3,3,0,0,11,4,14,3,4,13,9,3,7,0,3
39,33,0,2,2,5,13,2,16,3,1,69,3,2,1,5,0,15,3,6,3,3,3,2,0,2,1,3
40,36,0,4,1,1,3,2,1,3,3,35,3,2,2,0,0,15,1,10,2,3,9,7,0,5,0,3
41,29,1,1,1,1,15,2,23,2,3,81,4,1,3,1,0,24,3,10,3,3,10,7,0,7,0,4
42,28,1,3,2,1,3,2,2,4,3,46,3,1,3,6,0,17,4,5,3,2,2,2,2,1,1,3
43,36,1,0,1,3,6,2,13,3,3,36,3,1,2,4,0,13,2,8,2,3,5,2,0,4,0,3
44,30,0,3,2,1,3,2,2,3,3,52,2,2,4,5,1,24,2,12,4,2,0,0,0,0,0,4
45,45,0,1,2,1,3,2,2,3,2,95,2,1,3,1,0,14,4,1,3,3,1,0,0,0,0,3
46,42,1,1,1,1,3,2,29,3,2,98,3,2,2,1,0,13,4,10,3,2,9,8,7,8,0,3
47,38,1,1,0,1,3,1,12,3,1,45,2,2,1,2,0,15,3,13,3,2,4,3,1,2,0,3
48,49,0,2,1,5,13,2,11,3,3,43,3,3,4,1,0,18,1,9,3,4,9,8,7,7,1,3
49,55,1,3,2,5,13,2,2,1,3,37,3,2,4,4,0,16,3,12,3,2,9,7,7,3,1,3
50,43,1,1,1,1,3,2,14,2,2,94,3,4,1,6,0,24,3,22,3,3,4,1,1,0,0,3
51,27,1,5,0,1,3,2,5,1,3,42,2,3,4,1,1,16,2,9,3,3,9,8,0,8,0,3
52,35,1,4,2,1,3,2,7,3,3,59,3,3,3,3,0,21,2,17,3,4,8,5,1,6,0,4
53,28,0,2,1,5,13,2,2,4,2,81,3,2,2,1,1,20,1,8,2,3,8,7,7,5,0,3
54,26,0,3,1,1,3,1,5,2,3,88,2,1,3,1,1,14,1,8,2,3,8,7,1,7,1,3
55,25,1,3,2,1,3,2,2,1,1,65,4,1,1,7,0,13,3,6,3,2,4,3,0,1,0,3
56,35,0,3,2,1,15,2,27,1,3,53,2,1,1,1,0,11,4,6,3,2,6,5,1,1,0,3
57,36,1,1,1,5,13,2,1,2,2,56,3,2,4,1,1,14,4,18,1,2,18,14,4,11,0,3
58,45,1,2,0,5,13,2,9,3,4,74,3,3,1,4,1,12,3,18,2,3,5,4,0,2,0,3
59,32,0,3,1,1,3,2,8,2,3,91,4,2,3,5,0,12,3,9,3,2,5,3,1,3,0,3
60,37,1,2,0,5,13,2,16,4,4,66,2,2,3,4,0,19,4,9,2,3,1,0,0,0,0,3
61,22,1,1,1,1,15,2,1,2,4,33,2,2,4,6,0,22,1,4,2,1,2,2,2,2,0,3
62,44,1,1,1,1,3,2,8,4,1,62,4,1,4,2,1,24,3,10,2,2,3,2,0,2,0,3
63,42,1,3,2,1,15,1,2,1,2,35,3,1,4,5,1,14,4,8,2,3,2,1,2,2,0,3
64,36,1,1,1,3,6,2,8,3,1,77,2,1,1,0,0,21,3,6,3,3,5,4,0,3,0,3
65,25,1,4,1,5,13,2,3,1,3,98,3,2,1,1,1,18,4,5,3,3,5,3,0,3,0,3
66,35,0,1,0,1,3,1,25,4,4,96,3,1,2,1,1,19,1,10,3,2,10,2,7,8,1,3
67,32,1,1,0,1,3,0,1,3,4,61,3,1,4,0,0,12,2,4,2,3,3,0,0,2,0,3
68,49,0,5,1,0,1,2,1,3,3,36,3,1,1,2,0,16,2,7,2,3,4,2,0,2,0,3
69,24,1,1,1,1,15,0,4,1,1,46,2,1,4,0,0,17,4,6,2,2,5,2,3,4,0,3
70,32,1,1,1,5,13,1,5,2,2,48,3,2,2,1,0,14,4,10,3,3,10,8,5,3,0,3
71,38,1,2,1,5,14,2,9,3,2,98,2,1,2,0,0,19,4,3,3,3,2,2,1,2,0,3
72,31,1,1,1,1,15,2,11,4,4,48,3,1,4,3,1,19,2,8,2,3,6,4,0,2,0,3
73,53,1,2,1,5,13,2,8,3,1,73,3,4,4,5,0,14,3,28,3,3,2,0,2,2,0,3
74,37,0,3,1,5,14,1,21,2,3,54,3,1,4,5,0,15,2,10,3,3,5,4,0,0,0,3
75,43,0,1,1,1,3,1,1,3,4,33,3,2,4,4,0,13,2,12,2,2,5,2,2,2,0,3
76,47,0,2,1,5,13,2,2,2,3,35,3,2,4,0,1,22,1,8,2,3,7,6,7,7,0,4
77,37,1,3,2,5,13,0,19,2,1,32,3,3,2,1,1,13,4,10,2,3,10,0,0,9,0,3
78,39,0,1,1,3,6,2,2,3,4,42,2,2,4,8,0,11,3,13,2,3,5,4,0,4,0,3
79,33,1,0,0,3,6,2,3,2,4,57,3,1,2,3,1,11,3,7,4,4,4,3,0,3,0,3
80,32,1,1,2,1,3,2,25,4,1,87,3,1,4,1,1,24,3,1,2,1,1,0,0,1,1,3
81,20,0,3,2,5,14,2,2,3,3,49,2,1,3,1,0,13,4,2,3,2,2,2,0,2,1,3
82,21,0,4,2,0,1,2,18,1,4,65,3,1,4,1,0,19,1,1,3,2,1,0,0,0,1,3
83,36,1,1,1,0,1,2,14,1,3,68,3,2,4,0,1,17,1,17,2,2,16,8,4,11,0,3
84,47,0,1,2,5,14,2,2,4,4,65,2,1,4,1,1,18,1,3,3,2,3,2,1,2,0,3
85,22,0,1,1,1,3,2,3,1,2,34,3,2,3,0,1,19,1,4,3,4,3,2,0,2,1,3
86,28,0,3,0,1,3,2,9,3,3,77,3,1,3,5,0,18,2,6,2,3,2,2,2,2,0,3
87,39,1,3,1,1,15,2,6,3,4,70,3,1,1,7,1,21,4,8,2,1,2,2,2,2,1,3
88,27,0,1,2,1,3,2,4,3,2,76,3,1,3,1,0,19,3,1,2,3,1,1,0,0,0,3
89,34,1,1,0,1,3,2,10,3,2,83,3,1,2,1,0,14,2,1,3,3,1,0,1,0,0,3
90,33,1,4,2,1,15,2,1,4,3,100,2,1,1,3,1,11,2,6,1,3,3,2,0,2,0,3
91,58,0,5,0,1,15,2,5,3,3,37,2,3,2,2,1,13,4,24,3,3,6,0,0,4,0,3
92,31,1,1,1,5,14,2,7,4,2,41,2,1,3,3,0,15,2,13,2,4,7,7,5,2,0,3
93,35,0,1,1,1,15,2,21,1,4,51,3,2,4,1,1,25,4,10,2,1,10,6,0,7,0,3
94,48,1,3,1,0,1,2,20,4,4,51,3,1,3,4,0,17,1,13,2,2,0,0,0,0,0,3
95,31,0,2,1,5,13,0,20,2,4,45,3,2,3,1,0,13,4,9,2,2,9,8,0,0,0,3
96,38,0,5,1,1,15,2,1,3,4,80,3,3,1,1,0,13,2,15,3,3,15,12,5,11,0,3
97,32,0,1,1,1,15,0,1,3,3,70,2,1,2,6,0,20,3,5,3,3,3,0,0,2,0,4
98,25,1,2,1,5,14,2,19,2,3,36,2,1,2,1,1,18,3,1,2,3,1,0,0,0,1,3
99,19,1,4,2,5,14,2,21,3,4,37,2,1,2,1,1,13,2,1,3,4,1,0,0,0,1,3
100,20,1,5,2,1,3,2,4,3,1,84,3,1,1,1,0,19,2,1,2,3,1,0,0,0,1,3
101,35,0,3,1,5,13,2,18,3,3,86,3,2,3,1,0,16,2,5,3,3,5,2,1,0,0,3
102,52,1,1,1,1,15,2,1,2,4,70,3,4,4,2,0,15,2,26,2,2,9,8,7,8,0,3
103,30,1,4,0,5,13,2,8,2,3,62,3,3,3,5,0,11,1,10,2,4,8,4,7,7,0,3
104,35,1,1,0,5,13,2,3,4,4,92,3,3,4,6,0,13,2,12,2,3,10,9,0,8,0,3
105,39,1,1,2,5,13,2,2,5,1,41,4,3,3,0,0,18,4,9,3,3,8,7,0,7,0,3
106,40,0,1,2,5,13,0,24,3,2,100,4,4,2,4,1,16,4,22,2,2,1,0,0,0,1,3
107,47,1,3,0,1,15,1,16,4,3,64,4,2,3,1,1,19,3,20,3,4,19,10,2,7,0,3
108,36,1,5,0,5,13,0,8,4,1,84,3,2,4,4,0,13,4,12,3,3,7,7,0,7,0,3
109,33,1,1,2,5,8,0,17,3,4,38,3,4,3,1,0,11,4,10,2,3,10,8,6,0,0,3
110,33,0,1,2,1,3,2,13,1,2,53,3,1,4,3,0,18,1,5,4,3,3,2,0,2,0,3
111,45,0,3,0,1,3,2,1,4,4,91,3,1,4,3,0,14,4,8,2,3,5,3,0,2,0,3
112,33,0,4,1,1,3,1,1,4,3,84,4,2,2,1,1,13,1,6,2,3,6,5,1,2,0,3
113,45,1,1,1,1,3,0,23,2,4,42,3,2,1,1,1,15,3,9,2,3,9,8,0,8,0,3
114,30,0,1,1,1,3,2,22,3,1,48,3,1,3,4,1,11,2,7,2,3,5,2,0,1,1,3
115,50,1,1,1,1,3,2,24,3,4,95,3,4,3,3,1,18,4,22,2,3,12,11,1,5,0,3
116,35,1,4,0,4,7,2,14,4,3,39,2,1,2,1,1,24,4,5,2,1,4,2,0,2,1,3
117,31,0,1,1,4,10,1,1,1,3,96,3,2,1,1,0,12,3,4,1,3,4,3,0,3,0,3
118,18,1,1,2,4,12,0,5,2,2,73,3,1,4,1,0,15,4,0,2,3,0,0,0,0,0,3
119,54,0,5,1,4,16,2,17,3,3,56,3,3,3,8,0,11,3,22,2,3,10,7,0,8,0,3
120,30,0,1,1,4,11,2,8,2,2,73,4,3,1,0,1,12,3,9,4,2,8,7,1,7,0,2
121,26,1,3,1,4,16,2,2,2,4,32,4,2,4,1,0,12,2,8,2,3,8,7,1,3,0,3
122,22,1,1,1,4,7,2,8,1,2,94,1,1,1,1,0,15,1,4,3,2,4,3,1,1,0,2
123,48,1,1,2,4,16,2,4,4,3,78,2,3,3,7,0,14,2,27,3,3,15,11,4,8,0,3
124,27,0,1,1,4,16,2,2,4,1,47,3,2,4,0,0,18,2,4,2,3,3,2,2,2,0,2
125,35,1,4,0,4,7,2,10,3,2,45,3,1,4,1,0,20,1,3,4,2,3,2,1,2,0,2
126,42,1,2,1,5,8,2,5,2,4,90,3,5,3,6,0,13,2,21,3,4,1,0,0,0,0,4
127,55,1,3,1,4,5,1,18,4,3,62,3,2,2,3,1,14,4,17,3,3,8,7,6,7,0,3
128,38,1,1,2,5,13,2,3,4,2,42,3,2,4,8,1,12,3,19,1,3,1,0,0,0,0,3
129,50,0,1,1,5,13,0,1,3,4,95,3,2,3,0,0,12,1,19,3,3,18,7,0,13,0,3
130,33,0,1,2,5,14,0,8,1,2,88,2,1,4,0,0,19,4,3,2,2,2,2,2,2,0,2
131,45,0,1,1,5,8,2,11,2,4,90,3,4,4,3,0,13,2,26,4,4,9,3,1,1,0,3
132,34,1,2,0,5,13,2,1,4,2,75,4,2,4,0,0,11,4,16,2,2,15,1,0,9,0,3
133,59,1,5,1,5,8,2,1,2,2,66,3,3,4,3,1,14,3,14,1,1,6,4,0,4,0,3
134,45,1,3,2,3,6,2,24,4,2,36,3,1,2,1,0,16,1,6,3,3,6,3,0,4,0,3
135,36,1,4,0,4,7,2,15,3,1,81,3,2,3,7,0,14,2,9,3,2,1,0,0,0,1,3
136,26,1,1,1,4,12,1,2,3,1,57,3,1,1,6,1,14,2,6,2,3,3,2,1,2,1,2
137,38,1,4,1,4,16,1,3,4,3,44,3,1,3,3,0,16,1,8,2,3,2,2,2,2,0,3
138,37,0,4,2,4,5,2,3,3,4,35,3,2,2,3,0,15,1,8,3,2,4,3,0,1,0,3
139,40,1,2,1,5,13,2,26,3,3,74,3,2,1,1,0,14,2,8,3,2,7,7,7,5,0,3
140,54,0,1,1,5,13,2,2,4,3,41,2,3,3,6,0,11,2,13,4,3,9,4,7,0,0,3
141,56,0,3,1,4,16,1,9,3,1,63,3,1,3,2,0,19,2,18,4,3,5,4,0,3,0,3
142,36,0,3,2,4,10,2,12,5,4,51,2,3,4,0,0,11,2,15,2,2,14,8,7,8,0,3
143,20,0,2,2,5,14,1,9,3,4,54,3,1,4,1,1,14,2,2,3,3,2,2,0,2,1,3
144,46,0,1,0,4,16,2,8,4,4,74,2,2,1,8,1,23,1,19,2,3,16,13,1,7,0,4
145,28,1,5,2,4,16,0,24,2,2,72,2,3,1,1,0,12,1,10,2,2,10,7,1,9,1,2
146,26,1,3,1,4,7,2,1,2,1,59,2,1,1,1,0,16,1,6,2,3,5,3,1,3,0,2
147,30,1,4,1,4,16,2,20,3,3,85,3,2,1,0,0,15,3,7,1,2,6,2,0,2,0,3
148,38,0,1,1,4,5,2,17,1,3,65,2,3,3,0,0,18,1,20,4,2,19,9,1,9,0,3
149,27,1,1,1,4,16,0,8,5,1,87,1,1,3,1,0,19,4,3,4,3,3,2,1,2,0,2
150,55,1,1,1,4,9,1,2,1,4,65,3,3,2,3,0,18,2,23,4,3,3,2,1,2,0,3
151,33,0,3,2,4,12,1,29,4,1,54,2,2,3,1,0,22,2,14,4,3,13,7,3,8,1,2
152,34,1,1,2,4,5,1,3,1,1,45,3,2,4,0,0,17,3,7,1,2,6,2,0,4,0,3
153,25,1,5,1,4,9,2,4,1,4,32,3,1,4,1,1,15,2,7,3,4,7,7,5,6,1,3
154,28,1,3,0,4,9,1,1,3,1,45,2,1,2,1,0,15,1,1,2,3,1,0,0,0,1,3
155,50,1,4,2,5,13,1,1,4,4,81,3,2,3,3,1,14,4,5,4,3,0,0,0,0,1,3
156,33,0,1,1,5,13,1,7,3,4,30,3,2,2,0,0,17,3,4,3,3,3,2,0,2,0,3
157,34,1,1,1,4,12,0,3,4,3,40,2,1,4,3,0,17,4,6,2,3,0,0,0,0,0,3
158,48,1,3,2,4,9,0,1,4,1,35,4,4,4,2,0,22,3,27,3,2,5,4,2,1,0,2
159,45,0,1,1,5,13,0,9,4,2,65,2,2,3,1,0,13,4,15,2,3,15,10,4,12,0,2
160,52,1,1,2,4,5,2,7,4,2,87,3,3,2,7,0,19,4,18,4,3,8,6,4,0,0,2
161,38,1,2,0,5,13,2,10,4,3,73,2,3,3,0,1,14,2,9,2,3,8,7,2,7,0,3
162,29,0,1,0,4,9,2,28,4,3,93,3,1,4,4,0,22,1,11,1,3,7,5,1,7,0,4
163,28,0,3,0,4,10,2,3,3,4,93,3,3,2,0,0,17,2,10,3,2,9,7,1,7,0,3
164,46,1,2,1,5,8,2,3,1,1,52,3,4,3,3,0,12,4,23,3,3,12,9,4,9,0,2
165,38,1,2,2,5,13,2,2,2,4,32,3,3,2,7,0,16,3,10,2,3,1,0,0,0,0,3
166,40,1,3,2,4,9,2,14,3,3,44,2,5,3,1,0,14,1,21,2,4,20,7,4,9,0,3
167,31,1,1,1,5,14,1,20,3,3,67,4,1,4,0,0,12,1,3,4,3,2,2,2,2,0,3
168,28,1,1,1,4,9,2,2,1,1,67,2,1,2,0,0,17,1,6,2,1,5,3,0,4,0,3
169,35,1,2,0,5,13,1,11,2,4,54,3,2,4,1,0,11,4,5,3,3,5,2,0,2,0,3
170,49,1,5,1,5,13,2,8,4,4,56,2,4,2,6,0,17,2,22,3,3,9,8,2,3,0,3
171,34,1,1,2,4,9,1,2,2,4,95,3,2,3,2,0,11,4,5,3,2,3,2,0,2,0,3
172,29,0,1,0,4,12,1,10,3,4,61,3,1,2,0,0,14,4,8,2,2,7,5,1,1,0,3
173,42,1,3,2,4,7,2,29,3,2,56,1,2,4,4,0,19,1,16,3,3,1,0,0,0,0,3
174,29,1,3,1,4,10,2,8,1,2,79,2,2,4,1,1,15,3,10,2,2,10,7,1,2,0,2
175,28,1,1,0,4,12,1,6,3,3,39,2,1,3,1,1,14,4,3,2,3,3,1,0,2,0,3
176,33,0,2,2,5,13,2,9,4,1,77,3,2,1,0,1,17,1,6,3,3,5,2,0,3,1,3
177,41,1,1,1,4,7,2,12,4,2,46,3,1,4,3,1,11,1,6,4,3,1,0,0,0,0,3
178,37,0,3,0,4,5,2,25,2,3,52,2,2,4,7,0,13,3,9,2,3,6,2,1,3,0,3
179,34,0,1,1,5,13,2,9,1,2,70,3,2,3,1,0,20,1,6,3,2,6,5,1,3,0,2
180,35,1,5,2,3,6,2,8,4,3,100,3,1,3,1,0,17,2,6,2,1,5,4,1,4,0,2
181,29,0,1,1,5,13,2,23,1,4,45,2,3,1,1,0,13,1,11,3,1,11,8,3,10,1,2
182,42,1,2,2,5,13,2,4,4,2,45,3,2,1,7,0,13,4,9,3,4,6,4,1,5,0,4
183,24,1,3,2,4,7,2,24,3,4,49,3,1,2,8,0,22,4,6,2,3,4,3,1,2,0,4
184,28,0,1,1,4,9,2,12,1,3,79,3,1,4,1,1,11,4,1,4,2,1,1,0,0,1,3
185,26,1,3,1,4,9,2,3,4,1,82,4,1,4,1,0,22,2,8,2,3,8,7,0,7,0,3
186,30,1,2,1,5,13,2,10,3,3,72,2,2,3,1,0,18,1,10,3,3,10,3,1,4,0,3
187,40,0,3,1,4,12,1,26,2,3,92,2,2,4,3,1,13,4,16,3,1,1,1,0,0,0,3
188,35,1,1,0,4,10,2,2,3,3,44,2,3,2,2,0,18,2,15,2,4,7,7,6,4,0,3
189,34,1,3,2,4,5,1,1,3,4,97,2,2,1,0,0,20,3,14,3,3,13,9,4,9,0,4
190,35,1,4,1,4,7,1,4,4,4,47,2,1,4,1,0,13,2,2,2,4,2,2,2,2,0,3
191,43,0,2,2,5,13,2,9,3,1,85,1,2,3,8,0,13,2,7,2,2,4,3,1,3,1,2
192,32,0,1,0,5,14,0,2,1,3,76,3,1,1,1,0,12,3,1,3,3,1,0,0,0,0,3
193,56,0,5,0,4,8,2,4,4,4,92,3,5,1,4,0,13,4,28,2,3,5,2,4,2,0,3
194,19,1,1,2,4,12,2,9,2,3,54,3,1,1,1,0,25,3,1,4,3,1,1,0,0,0,4
195,45,0,3,1,4,9,2,7,3,1,83,3,1,3,4,1,19,3,7,2,2,3,2,0,2,0,3
196,37,0,1,1,4,10,2,1,3,4,56,2,2,4,1,0,13,2,14,2,2,14,8,3,11,0,3
197,44,1,1,2,4,9,2,10,4,3,96,3,1,3,1,1,11,3,6,4,3,6,4,0,2,1,3
198,44,1,1,2,4,12,0,17,3,4,74,1,1,3,2,0,13,4,6,3,3,0,0,0,0,0,3
199,33,1,0,1,3,6,2,2,3,2,99,3,1,3,1,0,13,4,5,2,3,5,4,1,4,0,2
200,30,1,1,0,5,13,2,29,4,3,61,3,2,1,8,0,19,3,8,3,3,4,3,0,3,0,3
201,40,1,3,1,5,13,1,2,4,2,62,3,2,2,5,0,12,4,5,2,3,0,0,0,0,0,3
202,46,1,1,1,4,9,2,15,2,4,52,3,5,2,5,0,11,1,25,2,3,4,2,0,3,0,3
203,35,1,1,1,5,13,2,17,4,3,94,3,2,1,3,1,15,4,15,2,3,7,7,1,7,0,3
204,24,0,1,1,4,7,2,17,2,4,97,3,1,2,1,0,13,1,1,3,1,1,0,0,0,1,3
205,33,0,3,1,5,13,1,25,3,2,82,3,2,3,1,0,12,1,10,3,2,10,7,0,1,0,3
206,36,1,1,0,4,7,2,6,4,3,60,1,1,3,1,0,14,3,7,4,3,7,7,1,7,0,3
207,42,1,3,1,3,6,0,2,5,4,79,4,2,1,7,0,16,1,10,3,4,4,3,0,3,0,4
208,32,0,4,1,4,7,1,13,3,3,77,2,1,2,1,0,20,3,2,2,3,2,2,2,2,0,4
209,32,0,1,2,4,9,1,2,2,4,38,3,2,3,4,1,14,4,10,2,3,8,7,0,7,0,3
210,36,0,5,0,4,10,2,1,3,3,77,1,3,1,2,1,21,3,17,2,3,7,7,7,7,0,4
211,25,1,1,2,5,13,2,10,4,3,57,3,2,4,0,0,14,2,5,4,3,4,3,1,1,0,3
212,27,1,1,1,4,9,2,14,3,1,42,3,1,1,1,1,14,4,9,3,2,9,7,6,8,0,2
213,19,0,3,2,4,12,0,10,3,1,96,2,1,2,1,1,25,2,1,2,4,1,1,0,0,1,4
214,31,1,3,1,4,9,2,11,2,3,80,3,2,1,1,1,12,4,6,2,2,6,5,0,1,0,3
215,43,1,1,1,4,11,2,3,3,3,96,1,5,4,3,0,14,2,25,2,3,8,7,0,7,0,3
216,49,1,3,1,4,9,2,4,2,1,85,2,5,3,2,0,13,3,23,2,4,1,0,0,0,0,3
217,36,1,5,1,4,12,1,3,3,3,46,3,1,2,1,0,12,3,12,2,2,11,10,0,7,0,3
218,48,1,5,2,4,7,2,2,2,4,76,4,1,2,5,0,11,3,7,4,2,1,0,0,0,0,3
219,29,1,1,0,4,9,2,7,3,3,82,3,2,4,1,1,11,2,6,2,3,6,0,1,0,0,3
220,48,1,1,2,4,11,2,1,3,4,76,2,5,4,6,0,12,3,25,3,4,1,0,0,0,0,4
221,29,0,1,0,4,11,2,1,3,4,87,2,4,4,3,0,14,2,9,2,2,7,7,1,7,0,3
222,23,1,1,1,4,12,2,1,2,4,47,3,1,3,1,0,22,4,1,2,3,1,0,0,1,0,4
223,26,1,1,2,4,12,2,4,2,3,53,3,1,4,1,1,20,2,8,2,2,8,5,2,2,0,4
224,21,0,1,2,4,7,1,10,2,1,45,2,1,3,1,0,20,3,2,2,1,2,2,2,2,1,2
225,46,0,2,1,5,8,2,4,2,4,33,2,5,2,2,0,14,3,26,2,3,11,4,0,8,0,3
226,34,0,2,2,5,13,2,2,3,3,86,3,2,1,0,1,12,4,4,3,3,3,2,0,2,0,3
227,34,0,3,0,4,7,1,19,3,3,46,3,2,2,4,0,13,3,15,2,4,11,8,5,10,0,3
228,28,1,3,2,4,7,1,1,4,4,44,3,1,3,0,1,11,3,5,2,2,4,2,0,2,0,3
229,35,1,1,1,4,12,2,6,1,3,66,3,1,3,0,1,14,4,4,3,3,3,2,2,2,0,3
230,42,0,3,1,4,12,2,7,4,2,78,4,2,2,6,1,16,4,18,2,3,1,0,0,0,0,3
231,28,1,1,1,4,7,1,2,3,4,52,2,1,4,1,1,12,2,2,2,3,2,2,2,2,0,3
232,30,0,3,2,4,10,0,9,2,3,72,3,2,3,7,1,18,3,10,3,3,8,4,1,7,0,3
233,29,0,5,0,4,7,2,7,3,2,39,3,1,3,3,1,13,1,10,2,3,7,7,7,7,1,2
234,28,1,5,2,4,12,2,1,3,4,84,3,1,1,2,0,11,2,5,2,2,3,2,1,2,0,3
235,25,0,3,2,4,12,2,1,3,4,40,3,1,2,1,0,18,4,2,3,2,2,2,2,1,0,3
236,32,1,3,1,5,13,2,8,3,3,56,4,2,4,1,0,15,3,10,4,4,10,7,0,8,0,3
237,45,0,3,2,4,8,1,25,3,2,83,3,5,2,3,0,22,3,22,4,3,0,0,0,0,0,4
238,58,1,1,0,4,12,2,23,4,1,88,3,1,3,1,0,12,4,2,3,3,2,2,2,2,0,2
239,32,1,1,1,4,9,2,7,2,4,79,3,2,3,1,0,18,1,10,3,3,10,4,1,1,1,3
240,46,0,1,2,3,6,2,1,2,4,44,3,1,1,6,0,12,3,10,3,4,7,6,5,7,0,3
241,50,0,1,1,4,9,2,28,3,4,43,3,4,1,4,1,11,2,25,2,3,3,2,1,2,0,3
242,40,1,2,2,5,13,2,25,4,4,57,2,3,2,2,1,12,3,9,2,3,5,4,1,0,1,3
243,41,0,2,0,5,13,1,1,3,3,66,3,2,1,0,0,17,4,10,2,3,9,3,1,7,0,3
244,35,1,1,2,4,12,1,4,4,3,87,3,2,3,1,1,11,2,9,3,3,9,6,1,1,0,3
245,38,0,1,0,5,13,2,2,2,2,31,3,2,1,3,0,15,4,11,3,3,7,7,1,7,0,2
246,40,1,1,1,4,7,2,1,4,2,88,3,1,2,3,0,22,3,7,3,3,4,2,0,3,0,3
247,36,0,2,1,5,13,1,7,3,1,83,4,2,1,2,0,16,4,17,2,2,15,7,6,13,0,2
248,48,1,1,2,4,10,2,4,3,4,54,3,3,4,1,0,11,3,11,2,3,10,9,0,8,0,3
249,27,0,3,1,5,14,2,11,3,3,98,4,1,4,8,0,14,2,5,4,3,1,0,0,0,0,3
250,27,1,1,2,5,13,1,2,1,4,43,1,2,4,3,0,20,2,8,3,3,6,2,0,0,0,4
251,55,1,2,2,5,13,2,13,4,1,85,4,4,3,6,1,17,3,24,2,2,19,7,3,8,1,2
252,34,0,5,0,4,12,0,26,1,1,92,2,1,3,1,0,20,3,5,2,3,5,4,0,0,0,3
253,34,1,3,1,4,7,2,29,3,2,86,3,2,3,4,0,13,1,10,1,3,8,7,7,7,0,2
254,31,0,1,2,5,14,1,2,3,3,90,2,1,4,7,0,14,3,3,3,4,1,0,0,0,1,3
255,38,1,1,0,4,12,1,7,3,4,57,4,1,3,1,0,11,4,4,2,3,4,2,0,3,0,3
256,34,0,5,2,4,5,2,2,4,3,98,3,2,4,1,0,11,4,14,2,4,14,11,4,11,0,3
257,39,1,1,1,5,13,2,21,4,1,44,2,2,4,3,1,12,4,8,2,4,5,4,1,4,0,2
258,41,0,1,0,4,9,1,22,3,4,75,3,2,4,3,1,14,1,12,4,2,6,2,3,3,0,3
259,33,1,1,1,5,13,1,5,1,2,61,3,2,4,6,0,13,1,8,2,4,5,4,1,2,0,2
260,32,1,2,1,5,13,2,2,1,3,36,3,2,2,0,1,13,1,4,3,2,3,2,1,2,0,3
261,39,1,1,1,4,9,0,25,2,3,71,3,3,3,3,0,21,2,13,2,3,6,4,0,5,0,4
262,25,1,1,1,5,13,2,18,1,1,93,4,2,3,2,0,11,2,6,3,2,3,2,1,2,0,2
263,52,0,3,1,4,10,1,28,2,4,59,4,4,3,2,1,11,2,24,3,2,5,3,0,2,0,3
264,43,0,3,2,4,12,2,6,3,1,73,2,2,3,1,1,14,1,20,3,1,20,7,1,8,0,2
265,27,0,2,1,5,13,2,10,3,4,98,2,2,4,1,1,11,4,6,3,3,6,2,4,4,0,3
266,27,0,1,2,4,12,2,17,4,4,51,3,1,3,1,1,13,4,8,2,3,8,2,7,7,1,3
267,26,1,3,2,4,12,2,2,1,1,36,2,1,4,0,0,12,4,5,2,3,4,3,1,1,0,3
268,35,1,1,2,4,10,1,18,2,3,60,3,3,4,2,0,11,3,10,2,3,2,2,2,2,0,3
269,25,1,5,1,4,7,2,1,3,1,81,3,1,4,4,0,11,2,7,2,2,3,2,0,2,0,3
270,29,1,4,2,3,6,2,17,3,2,51,2,3,1,1,0,13,1,10,3,2,10,9,0,9,0,3
271,49,1,1,2,4,9,1,28,2,1,97,2,2,1,3,0,20,1,20,2,3,4,3,1,3,1,3
272,36,0,2,2,5,13,2,3,4,1,99,3,2,2,3,1,16,4,15,3,3,5,4,0,1,0,3
273,31,0,1,2,5,14,1,1,4,2,50,1,1,3,1,0,12,2,1,3,3,1,0,0,0,1,3
274,30,0,2,0,5,13,2,7,4,4,73,3,2,1,7,0,14,2,8,3,3,3,2,0,2,0,3
275,31,0,1,2,4,11,2,8,5,1,93,3,4,2,3,0,11,3,9,3,4,3,2,1,0,0,3
276,34,1,4,0,4,12,1,1,4,4,91,3,1,1,5,0,14,3,10,2,3,4,3,1,3,0,3
277,31,0,1,2,4,12,2,8,3,1,34,2,1,2,1,0,12,3,1,3,4,1,0,0,0,1,3
278,27,1,1,1,4,9,2,11,1,2,91,3,1,1,0,0,14,2,6,3,4,5,0,1,4,0,3
279,36,1,1,2,4,7,2,4,4,1,37,2,2,4,1,0,16,3,10,2,2,10,4,1,8,0,2
280,47,1,5,1,4,12,2,1,3,1,74,3,1,4,7,0,12,3,17,2,2,6,5,1,2,0,2
281,25,1,1,1,5,14,2,9,2,1,68,2,1,1,3,0,12,1,6,2,3,3,2,2,2,1,2
282,37,1,5,2,4,9,0,5,2,3,84,4,1,3,0,0,14,1,7,2,1,6,5,1,3,0,3
283,56,0,1,1,4,9,2,1,2,1,90,3,1,1,2,0,22,4,5,3,4,3,2,1,0,0,4
284,24,0,3,1,5,13,2,4,1,4,42,3,2,3,1,1,12,3,5,3,3,5,4,0,3,0,3
285,34,0,1,1,4,7,2,1,3,4,86,2,1,2,5,0,17,1,7,2,2,5,4,0,2,0,3
286,40,1,4,0,4,7,0,9,4,3,81,3,2,3,3,0,11,3,11,2,4,8,7,0,7,0,3
287,39,0,1,2,4,7,0,2,3,1,54,2,1,1,2,1,23,2,11,2,4,1,0,0,0,1,4
288,31,0,1,2,4,9,1,1,5,3,100,4,3,2,1,0,11,1,10,2,3,10,8,4,7,1,3
289,45,1,3,0,4,9,2,20,3,2,95,1,3,1,2,1,18,2,24,2,3,7,7,0,7,0,3
290,45,1,5,1,4,9,2,29,3,2,55,3,3,4,4,1,18,4,10,4,4,3,1,1,2,0,3
291,40,1,3,0,4,12,2,2,3,3,68,3,1,3,2,0,14,3,8,3,4,3,1,1,2,0,4
292,44,1,1,2,4,9,2,20,3,4,49,3,1,2,1,0,13,3,6,3,2,5,2,1,3,0,3
293,33,1,3,1,5,13,1,7,3,4,54,3,2,1,0,0,14,1,5,2,3,4,3,0,3,0,3
294,34,1,4,2,5,13,2,3,3,4,81,1,2,1,3,0,18,4,15,2,3,13,9,3,12,0,3
295,30,1,1,1,5,13,2,16,1,4,96,3,2,3,8,0,15,3,4,2,2,2,1,2,2,0,3
296,42,0,3,2,4,7,1,9,2,1,74,3,1,4,1,0,13,3,12,3,3,12,9,5,8,0,2
297,44,0,2,1,5,13,1,1,5,1,79,3,2,3,7,0,12,3,11,4,2,1,0,0,0,0,3
298,30,1,5,0,4,12,0,7,3,3,64,3,1,3,1,0,13,2,1,2,2,1,0,0,0,0,3
299,57,1,1,1,4,12,2,1,2,2,93,4,2,3,0,0,24,1,13,2,2,12,9,2,8,0,2
300,34,1,3,0,4,11,1,15,3,2,71,3,4,1,7,0,14,4,16,3,2,14,8,6,9,0,2
301,28,1,5,1,5,14,1,1,3,1,92,3,1,3,3,0,15,4,5,3,4,3,2,1,2,1,2
302,35,1,1,1,5,14,2,7,1,4,76,3,1,3,1,0,13,1,1,3,3,1,0,0,0,0,3
303,24,0,1,1,5,14,0,13,2,4,78,3,1,2,1,0,13,3,1,2,3,1,0,0,0,0,3
304,44,1,3,2,4,9,1,2,1,2,86,3,3,3,5,1,18,2,16,2,2,2,2,2,2,0,2
305,29,1,1,0,5,13,2,19,3,3,77,2,2,3,1,0,14,3,10,3,3,10,7,0,4,0,3
306,55,1,1,1,4,9,2,4,4,4,30,3,2,3,0,1,16,2,4,2,3,3,2,1,2,0,3
307,47,0,3,1,5,13,2,14,3,3,78,3,2,3,3,1,17,3,11,4,2,5,4,1,2,0,3
308,28,1,3,2,4,7,1,2,2,3,38,2,1,1,7,0,11,3,8,2,2,0,0,0,0,1,3
309,28,1,1,0,4,9,2,1,3,1,72,2,1,3,1,0,14,4,1,2,1,1,0,0,0,0,3
310,49,0,3,1,4,7,2,3,2,3,43,2,2,1,4,0,25,1,10,3,3,3,2,1,2,0,4
311,29,0,1,1,4,7,1,2,1,4,97,3,1,2,0,0,13,3,4,3,3,3,2,0,2,0,3
312,28,1,1,1,4,9,2,29,1,3,96,1,2,2,1,0,14,2,8,2,2,8,6,1,7,0,3
313,54,0,3,0,4,9,1,11,4,2,87,3,4,4,3,0,20,1,26,2,3,14,9,1,12,0,2
314,29,1,5,2,4,12,2,1,4,1,100,2,1,1,6,0,13,3,11,2,1,9,7,0,7,1,3
315,46,0,1,1,5,8,2,3,3,3,51,3,4,2,8,0,12,4,23,2,4,13,12,5,1,0,3
316,35,0,1,2,4,9,2,16,3,4,91,2,3,2,1,0,19,4,11,3,1,11,8,3,3,0,3
317,23,1,1,2,4,7,2,20,1,1,97,3,2,3,0,0,14,2,5,2,3,4,3,1,2,0,2
318,40,1,1,2,4,7,2,9,4,4,86,3,1,1,3,0,14,2,15,3,1,5,4,1,0,1,3
319,42,1,3,1,4,9,2,2,3,3,68,2,1,2,4,0,14,2,4,3,3,1,0,0,0,0,3
320,37,1,3,1,4,12,2,13,3,1,47,3,2,4,1,0,17,1,10,2,3,10,8,3,7,0,2
321,29,0,4,1,4,5,2,8,1,3,39,1,2,1,3,0,13,3,9,3,3,7,7,0,7,0,3
322,33,1,1,2,4,10,2,25,3,4,44,2,2,2,1,0,13,4,5,2,3,5,3,0,2,0,3
323,45,1,5,1,4,12,2,28,3,4,97,3,1,4,4,0,20,4,8,3,3,5,4,0,3,0,4
324,33,1,1,1,4,7,2,28,4,2,79,3,2,3,1,1,12,2,15,3,3,15,14,5,7,0,2
325,24,1,5,0,4,7,2,21,2,3,57,2,1,1,0,0,14,2,2,3,3,1,1,0,0,0,3
326,40,1,1,0,4,9,0,8,2,4,72,3,2,4,3,1,18,3,8,2,3,2,2,2,2,0,3
327,45,1,5,0,4,5,2,1,4,1,66,3,3,2,1,0,12,1,10,4,3,10,8,7,7,0,2
328,36,1,1,2,5,14,2,2,4,3,70,3,1,4,3,1,21,4,7,3,2,3,2,1,2,0,4
329,48,0,1,0,5,13,2,16,4,3,96,3,2,3,8,0,14,3,18,2,3,8,7,7,7,0,3
330,30,1,1,1,5,13,2,1,3,2,64,2,2,1,1,0,11,4,10,4,3,10,8,6,7,1,2
331,38,1,0,1,3,6,1,10,4,3,71,3,2,3,3,0,11,3,10,2,3,6,3,1,2,0,3
332,30,1,5,1,5,13,2,29,4,3,33,3,3,2,3,0,12,2,9,3,3,4,2,1,3,0,3
333,35,0,1,0,4,7,2,2,3,1,69,3,1,1,1,1,12,4,1,2,3,1,0,0,0,1,3
334,38,1,3,1,4,10,2,2,3,3,81,3,2,2,4,0,11,1,7,2,3,5,2,1,4,1,3
335,48,0,4,1,4,9,2,15,4,3,65,3,1,1,8,0,12,4,10,3,2,8,2,7,6,0,3
336,34,1,3,2,4,12,2,7,4,1,35,3,1,4,1,0,13,3,1,4,1,1,0,0,0,0,3
337,38,1,1,1,5,13,2,14,3,3,80,3,2,2,0,0,11,4,10,3,3,9,8,7,7,0,3
338,29,1,3,2,4,9,2,3,1,2,87,3,1,1,1,1,18,4,10,3,3,10,9,1,5,0,2
339,35,0,3,2,4,5,2,10,4,1,51,3,2,3,3,1,16,3,10,4,3,5,2,0,4,0,3
340,39,1,3,1,5,13,2,6,3,4,38,4,3,3,2,0,11,1,11,3,3,7,6,7,6,0,3
341,50,1,2,1,5,8,2,9,3,3,59,3,5,3,4,1,16,3,27,2,3,1,0,0,0,0,3
342,23,1,5,1,2,4,2,10,3,4,45,4,1,3,2,0,16,4,4,2,3,2,2,2,2,0,3
343,35,1,1,1,2,4,2,28,3,2,46,4,2,3,1,0,17,4,10,3,2,10,9,6,8,0,2
344,34,1,5,1,2,4,1,10,4,4,92,2,2,3,1,0,14,2,8,3,2,8,2,7,7,0,3
345,28,1,3,1,2,4,2,24,3,3,51,3,1,2,1,1,17,3,1,3,3,1,1,0,0,1,3
346,22,0,4,1,2,4,0,26,2,2,85,2,1,3,1,1,14,2,4,2,2,4,2,1,3,0,2
347,32,0,4,1,2,4,2,5,4,2,35,4,1,4,3,0,17,4,6,3,3,3,2,0,2,0,3
348,30,1,3,1,2,4,2,7,3,2,48,2,1,2,1,0,12,2,6,3,2,6,4,1,1,0,2
349,45,0,3,2,2,4,2,5,5,3,50,1,2,1,1,1,14,1,10,3,3,10,7,1,4,0,3
350,45,1,2,1,5,13,0,26,3,1,52,2,2,1,1,0,15,1,10,2,3,10,7,4,5,0,2
351,31,1,4,2,5,13,1,2,4,4,54,3,2,1,7,0,13,4,10,3,3,5,2,0,3,0,3
352,34,1,1,0,2,4,1,10,4,3,42,4,2,4,1,0,13,1,9,3,3,9,7,7,2,0,3
353,49,0,1,1,2,4,2,25,4,3,84,3,1,1,1,0,14,4,10,3,2,9,6,1,4,0,3
354,27,1,4,0,2,4,2,19,3,4,67,2,1,1,1,0,11,1,7,3,3,7,7,0,7,0,3
355,21,1,3,2,2,4,2,5,1,3,97,3,1,4,1,0,18,3,3,2,3,2,2,2,2,0,3
356,18,0,3,2,5,14,1,3,2,2,70,3,1,4,1,1,12,3,0,2,4,0,0,0,0,1,3
357,47,0,1,1,3,8,2,26,4,4,98,3,5,3,3,0,11,3,27,2,3,5,2,1,0,0,3
358,39,1,3,0,2,4,2,3,2,3,76,2,2,3,0,0,15,4,11,3,3,10,8,0,7,0,3
359,37,1,1,1,2,4,2,19,3,3,85,3,2,3,3,0,17,1,9,2,2,4,3,0,2,0,3
360,39,0,3,2,2,4,1,4,3,1,81,3,2,3,0,0,13,4,10,2,1,9,2,3,8,0,2
361,37,0,3,1,2,4,2,10,3,2,71,3,1,2,1,0,11,1,8,2,1,8,4,7,7,0,2
362,40,0,1,2,2,4,2,16,3,3,84,3,3,4,6,1,15,4,18,2,2,4,2,3,3,0,3
363,44,1,0,1,3,6,1,1,5,1,37,3,2,4,4,1,11,3,14,3,3,10,7,0,2,0,3
364,35,1,3,0,5,13,2,15,2,1,59,1,2,4,6,1,14,4,7,2,2,2,2,2,2,1,2
365,24,0,5,2,2,4,1,2,1,1,32,3,1,4,1,1,13,3,6,2,3,6,3,1,3,0,2
366,39,1,3,1,2,4,2,12,3,4,66,3,2,2,4,0,21,3,7,3,3,5,4,1,0,0,4
367,49,0,4,1,2,4,2,22,4,1,72,3,4,2,3,0,16,2,27,2,3,4,2,1,2,0,2
368,50,0,1,0,2,4,2,17,5,4,50,2,3,1,5,0,15,3,19,3,3,14,11,1,11,0,3
369,20,0,3,2,5,14,2,2,3,3,31,3,1,3,1,0,19,1,2,3,3,2,2,2,2,0,3
370,34,0,1,0,2,4,2,3,3,4,66,3,2,2,1,0,12,3,11,2,3,11,8,7,9,0,3
371,36,1,1,2,2,4,2,7,3,1,77,3,1,2,2,0,11,3,15,4,3,4,3,1,3,0,2
372,36,1,1,0,2,4,2,3,2,4,79,4,2,1,6,0,20,1,13,3,3,5,4,0,4,0,4
373,43,1,1,1,2,4,2,15,2,3,65,2,4,3,1,0,24,1,14,3,3,14,10,6,11,0,4
374,35,1,4,2,5,13,1,12,4,4,36,3,2,4,3,1,24,1,13,2,4,11,9,6,7,1,4
375,29,1,3,0,5,13,2,5,3,1,43,2,2,2,1,1,13,2,10,3,2,10,0,0,9,0,3
376,32,1,3,0,2,4,2,2,3,4,45,3,2,2,0,0,13,3,10,4,2,9,5,1,6,0,3
377,31,0,1,1,5,13,2,5,4,1,67,3,2,4,1,0,11,1,10,2,3,10,0,0,2,0,3
378,49,0,3,0,2,4,2,16,3,4,74,3,1,1,4,1,16,2,17,2,2,2,2,2,2,0,3
379,20,1,1,2,5,14,2,9,1,4,54,3,1,1,1,0,11,1,2,3,3,2,2,0,2,0,3
380,33,0,1,0,5,13,0,16,3,3,36,3,2,4,1,1,25,3,7,2,3,6,5,1,2,0,4
381,36,1,1,1,2,4,2,26,4,1,80,3,2,3,6,0,14,2,10,2,2,3,2,0,2,0,3
382,44,0,1,0,3,6,2,1,3,3,44,3,1,4,4,1,18,1,8,2,3,2,2,2,2,0,3
383,23,1,3,2,2,4,2,8,1,4,93,2,1,3,1,1,11,1,5,2,3,5,4,1,2,1,3
384,53,1,3,1,2,4,2,24,4,2,48,4,3,4,3,0,15,3,11,2,3,4,3,1,2,0,2
385,48,0,3,1,5,14,1,7,2,4,95,3,1,3,2,1,11,3,19,3,3,9,7,7,7,1,3
386,32,1,1,2,2,4,2,2,4,4,95,3,1,2,1,0,12,1,1,2,3,1,0,0,0,1,3
387,55,1,5,0,2,4,2,22,3,1,94,2,1,2,5,0,12,4,8,1,3,4,2,1,2,0,2
388,34,1,3,1,4,9,2,5,2,2,57,2,2,4,1,0,14,3,15,3,4,15,10,4,13,0,2
389,60,1,3,0,4,5,2,1,4,3,92,1,3,4,3,0,20,3,19,2,4,1,0,0,0,0,4
390,37,1,3,0,5,13,1,1,4,3,31,1,2,4,1,0,14,3,6,2,2,6,3,1,3,0,3
391,44,0,1,1,4,5,2,2,3,3,96,4,3,4,1,1,19,2,9,2,3,8,7,6,7,0,3
392,36,0,1,2,5,14,2,2,4,3,51,3,2,4,3,0,15,3,17,2,2,13,7,6,7,0,3
393,26,1,3,1,4,7,2,17,4,4,62,1,1,3,1,0,15,3,3,3,4,3,2,0,2,0,3
394,31,1,1,1,4,7,2,2,4,2,69,3,1,3,1,0,14,4,6,2,4,5,2,0,3,0,3
395,41,1,0,1,3,6,0,4,3,3,60,1,2,2,6,0,19,2,10,4,3,3,2,1,2,0,3
396,40,0,1,1,4,10,2,8,2,2,92,3,2,1,2,1,16,2,18,3,3,1,0,0,0,0,3
397,24,1,3,0,4,7,2,29,1,2,91,3,1,1,1,0,13,2,6,2,4,6,2,1,2,0,2
398,46,1,1,2,4,5,2,13,4,3,34,3,2,2,6,0,14,4,19,3,3,10,7,0,9,0,3
399,30,1,1,1,4,12,2,16,1,2,33,3,1,4,1,0,12,2,10,2,2,10,0,0,8,0,3
400,47,1,2,1,5,13,0,2,4,3,87,3,2,2,7,0,11,4,4,3,1,1,0,0,0,0,3
401,36,1,2,0,5,13,2,13,5,2,96,2,2,1,5,1,13,2,16,3,3,2,2,2,2,1,2
402,32,1,1,2,5,13,2,1,2,1,34,1,2,2,6,0,15,2,10,2,3,0,0,0,0,1,3
403,31,0,5,2,4,10,1,24,1,4,30,3,2,4,2,0,20,4,9,3,2,5,4,1,4,0,4
404,39,1,1,1,4,7,0,1,3,4,77,3,2,4,1,1,15,4,9,2,3,9,8,5,8,0,3
405,32,1,1,1,5,13,2,19,3,4,80,1,3,3,3,0,13,3,10,2,1,4,3,0,2,0,3
406,45,0,1,1,3,6,2,4,3,3,56,1,3,3,4,0,21,3,9,2,4,5,0,0,3,0,4
407,30,0,5,2,4,9,1,2,4,4,78,2,1,1,0,0,16,4,10,2,3,9,7,0,7,0,3
408,24,1,3,1,3,6,1,10,3,1,59,3,1,4,0,0,14,4,3,2,3,2,2,2,1,0,2
409,31,1,5,1,5,13,2,5,3,1,51,3,2,3,1,0,19,3,6,3,3,5,2,0,2,0,4
410,29,0,2,2,5,14,2,9,3,2,52,1,1,2,1,0,13,3,2,3,3,2,2,2,2,1,2
411,30,1,2,0,5,13,2,15,2,3,94,2,3,1,2,0,11,1,12,2,3,7,7,1,7,0,3
412,34,1,3,1,4,12,2,2,4,4,97,4,1,4,0,1,14,1,6,3,3,5,0,1,2,0,3
413,33,0,2,2,5,13,0,2,3,4,62,3,2,2,8,0,15,4,13,2,2,11,7,1,7,0,3
414,49,0,2,2,5,13,2,11,4,4,80,3,2,4,3,0,12,3,8,1,4,5,1,0,4,0,3
415,33,0,1,2,5,13,2,16,3,1,74,3,3,1,2,1,20,3,11,2,2,0,0,0,0,1,4
416,38,0,3,1,4,7,1,2,2,3,75,2,1,2,4,0,14,2,9,4,2,6,1,0,5,0,3
417,32,1,5,2,4,12,0,5,4,2,65,3,1,2,2,0,14,2,12,3,3,7,7,0,7,0,3
418,38,1,3,1,4,5,2,18,3,2,60,1,2,4,3,1,16,3,15,2,3,1,0,1,0,0,3
419,33,1,5,0,4,12,0,4,3,4,90,3,2,2,5,0,15,4,11,2,2,9,8,1,7,0,3
420,41,1,1,0,4,7,2,9,4,3,94,3,1,1,1,0,20,2,5,2,3,5,3,0,4,0,4
421,34,1,1,0,5,13,0,10,3,4,87,3,2,3,1,1,14,3,15,3,3,15,14,0,7,0,3
422,53,0,3,1,4,10,0,1,4,1,60,2,4,3,4,1,20,4,27,2,2,3,2,0,2,0,3
423,34,0,1,2,5,13,2,3,2,4,32,1,2,4,5,0,12,1,6,3,3,2,2,2,2,0,3
424,21,1,2,2,5,14,2,7,1,2,31,3,1,2,1,0,13,2,1,3,3,1,0,1,0,1,3
425,38,0,4,1,4,9,2,6,2,4,40,2,1,3,1,0,11,2,5,3,3,5,4,0,4,0,3
426,31,0,2,1,5,13,2,29,4,1,91,2,2,4,1,0,14,1,13,3,3,12,7,5,7,0,2
427,46,1,3,0,4,11,2,2,4,3,46,3,5,4,7,1,17,3,24,3,3,2,1,2,2,0,3
428,36,1,1,1,4,9,2,10,3,4,90,3,3,1,7,1,13,4,15,1,3,12,8,5,7,0,3
429,44,1,3,0,4,12,1,1,2,3,99,3,1,2,1,1,12,3,6,2,2,5,3,2,3,1,3
430,37,1,4,0,3,6,2,8,2,3,89,3,2,2,2,0,13,3,19,4,2,10,0,4,7,0,3
431,33,1,1,1,4,12,2,8,4,4,90,4,1,1,6,0,19,2,14,1,3,10,8,7,6,0,3
432,46,1,1,2,5,13,0,26,2,2,98,2,2,2,8,0,15,3,6,3,3,2,2,2,2,0,2
433,38,1,0,0,3,6,0,2,3,1,100,3,1,2,5,0,13,4,13,3,3,11,10,3,8,0,2
434,34,1,1,1,4,7,1,9,4,4,93,3,2,1,4,0,17,3,11,3,2,7,1,0,7,1,3
435,43,1,1,2,4,12,0,9,3,1,52,3,1,3,4,0,13,3,7,2,2,3,2,1,2,0,2
436,41,1,1,2,4,5,2,5,3,2,85,4,2,2,3,0,12,1,11,3,1,3,2,1,2,0,2
437,35,1,3,1,4,7,2,23,4,2,91,1,1,3,0,0,16,2,6,2,4,5,4,0,3,0,3
438,40,0,1,0,4,5,2,12,3,2,47,3,2,1,2,0,12,2,15,3,3,7,4,7,7,0,2
439,54,0,3,1,4,12,2,7,4,4,68,3,2,4,4,0,15,2,14,2,2,7,1,1,7,0,3
440,31,0,2,1,5,13,1,7,4,1,68,3,3,1,2,0,14,4,9,3,3,3,2,2,2,0,2
441,38,0,2,1,5,14,2,2,4,2,77,1,2,4,2,1,20,1,20,4,2,4,2,0,3,0,3
442,26,1,3,2,5,13,2,10,3,3,46,3,2,4,1,0,13,1,5,4,3,5,3,1,2,0,3
443,58,1,1,1,4,9,1,15,4,1,87,3,4,3,2,1,14,2,23,3,3,2,2,2,2,0,2
444,18,0,3,2,4,9,0,14,3,2,33,3,1,3,1,0,16,3,0,4,1,0,0,0,0,0,3
445,31,1,0,1,3,6,2,18,5,4,89,4,1,1,0,0,17,3,2,4,3,1,0,0,0,1,3
446,45,0,1,1,5,13,0,2,4,3,67,3,2,3,4,0,22,2,10,3,4,8,7,5,7,0,4
447,36,0,4,1,4,12,2,2,4,4,73,3,2,2,4,1,22,4,15,2,3,1,0,0,0,0,4
448,27,0,1,2,4,9,1,5,2,4,53,3,1,4,0,1,14,3,6,3,2,5,4,0,2,0,3
449,29,1,3,1,4,7,1,20,1,4,40,3,1,4,1,0,13,2,11,3,4,11,8,3,10,0,3
450,32,1,2,2,5,13,1,10,4,4,79,3,2,4,8,0,13,3,4,2,4,0,0,0,0,0,3
451,42,1,5,1,4,12,0,10,4,3,38,3,1,3,3,0,22,2,10,1,2,6,3,3,3,0,4
452,47,0,1,2,4,7,2,9,4,2,64,3,1,3,4,0,12,3,7,2,3,2,2,2,0,0,2
453,46,1,1,0,4,10,2,2,2,4,82,3,3,4,3,0,14,3,12,4,2,9,8,4,7,0,3
454,28,1,1,0,3,6,0,1,2,3,43,3,1,4,1,0,15,2,3,2,3,3,2,2,2,0,3
455,29,1,1,0,4,5,2,29,1,4,93,1,2,3,8,0,17,4,11,3,3,7,0,1,6,0,3
456,42,1,1,2,4,9,2,8,3,4,81,3,1,3,4,0,13,4,8,3,3,0,0,0,0,0,3
457,32,1,2,2,5,13,2,2,4,3,82,2,2,2,7,1,12,3,7,3,2,2,2,2,2,1,3
458,29,1,3,1,3,6,2,6,1,4,87,2,1,2,1,0,11,4,1,3,3,1,0,0,0,0,3
459,29,1,1,2,4,12,1,24,2,4,73,2,1,4,1,1,24,2,1,3,2,1,0,1,0,1,4
460,55,1,5,1,4,12,2,2,4,2,98,2,1,4,8,0,20,2,19,2,4,5,2,0,4,0,3
461,28,0,3,1,5,14,2,3,3,2,78,3,1,2,1,0,19,4,1,3,3,1,0,0,0,0,3
462,30,1,3,2,5,14,2,9,3,2,89,3,1,4,1,0,13,3,1,3,2,1,0,0,0,1,3
463,22,1,1,2,4,12,2,7,1,4,75,3,1,2,1,1,23,1,1,2,3,1,0,0,0,1,4
464,36,0,5,1,5,13,2,10,4,2,63,2,2,3,1,1,13,1,10,4,3,10,9,1,7,0,2
465,34,1,1,1,5,13,2,4,3,3,64,3,3,4,2,1,13,4,9,3,3,5,3,1,0,0,3
466,29,1,1,2,4,7,2,7,3,4,59,3,1,1,3,0,14,2,11,2,3,3,2,1,2,0,3
467,37,1,3,1,4,12,2,7,4,4,78,3,2,1,5,1,22,3,16,2,3,5,3,0,4,0,4
468,35,0,4,1,4,10,2,16,2,4,44,2,2,2,0,1,11,4,4,2,3,3,2,0,2,0,3
469,45,0,1,1,4,10,2,25,2,2,93,2,2,4,0,0,13,4,10,2,2,9,8,3,8,0,2
470,36,1,0,2,3,6,1,2,1,2,94,2,2,4,1,0,21,4,10,2,2,10,1,0,8,0,4
471,26,0,1,1,4,12,2,1,2,2,90,2,1,3,1,1,13,3,1,3,2,1,0,1,0,0,3
472,34,1,5,1,4,12,0,16,4,4,85,1,1,1,1,1,23,2,5,2,3,5,2,3,0,1,4
473,56,1,1,2,4,9,2,24,2,1,97,3,1,4,1,0,16,4,5,3,3,4,2,1,0,1,2
474,36,1,2,1,5,13,2,17,2,3,33,2,2,2,2,0,16,3,12,1,1,4,2,1,3,0,2
475,41,0,2,1,5,13,2,8,3,3,54,3,2,2,5,0,21,3,14,3,3,5,4,1,4,0,4
476,31,0,3,0,5,13,2,10,2,3,86,3,2,4,2,1,11,4,8,2,3,5,2,1,4,0,3
477,34,0,3,1,5,13,2,3,1,4,75,2,2,4,3,1,12,3,9,3,2,4,2,0,1,0,3
478,26,1,4,1,4,9,1,6,3,3,61,4,1,4,0,0,18,1,8,3,3,7,7,7,7,0,3
479,45,1,3,2,4,9,1,1,4,2,44,3,2,3,4,0,12,3,12,3,3,4,2,0,3,0,3
480,33,1,2,2,5,13,2,10,4,2,43,3,2,3,1,0,14,2,10,2,2,10,4,0,9,0,3
481,28,1,1,1,5,13,1,1,2,3,42,2,2,4,1,1,12,3,7,2,3,7,7,0,7,0,3
482,39,0,1,1,5,13,0,21,4,1,32,1,2,3,6,0,19,3,10,1,3,3,2,1,2,0,2
483,27,1,5,1,4,9,2,2,4,2,41,3,1,2,1,0,11,3,6,3,2,5,3,1,2,0,2
484,34,1,4,1,4,12,1,22,4,3,86,2,2,4,1,1,15,2,16,3,3,15,10,6,11,0,3
485,47,1,5,1,4,9,0,14,4,3,64,3,2,2,8,0,18,3,16,4,4,8,7,1,7,0,3
486,56,0,2,1,5,13,2,11,5,4,89,2,2,1,4,0,16,3,6,3,3,0,0,0,0,0,3
487,38,0,3,0,4,9,1,8,3,4,58,2,2,2,1,1,16,3,20,3,3,20,11,0,7,0,3
488,32,0,1,2,4,12,1,5,2,1,47,4,1,3,3,1,14,1,8,2,3,4,1,0,3,1,3
489,49,1,1,1,4,9,1,2,1,2,42,3,5,4,3,0,15,4,28,3,3,5,4,4,3,0,2
490,42,1,2,0,5,13,2,12,4,2,77,3,2,4,3,1,12,3,14,4,3,0,0,0,0,0,3
491,27,0,0,1,3,6,1,22,3,1,58,2,1,2,1,0,12,1,1,2,3,1,0,0,0,1,3
492,35,1,3,1,5,13,2,18,4,2,71,3,2,1,0,0,16,4,6,2,1,5,3,0,4,0,2
493,28,1,3,2,4,9,0,16,3,3,49,3,1,3,1,0,14,3,5,3,2,5,3,1,4,0,3
494,31,1,3,0,4,12,0,3,2,3,48,3,1,1,1,1,13,4,4,3,4,4,2,2,3,0,3
495,36,1,1,1,4,9,0,9,4,1,66,4,1,2,1,0,22,2,5,3,3,5,4,0,2,0,3
496,34,1,2,2,5,13,2,1,3,1,32,3,3,4,1,0,21,1,14,3,2,14,8,2,1,0,2
497,34,1,3,0,5,13,2,13,4,4,39,3,3,3,1,0,18,3,9,2,2,8,7,1,1,0,3
498,28,1,5,0,4,9,2,17,3,3,32,2,1,4,5,0,12,1,6,2,2,4,1,0,3,1,3
499,38,1,1,2,5,14,2,1,3,1,59,2,1,1,4,0,14,1,20,3,2,1,0,0,0,0,3
500,35,0,1,1,5,13,2,7,4,3,55,3,2,4,1,1,11,4,10,2,3,10,8,0,9,0,3
501,32,1,1,2,4,9,2,5,4,4,56,2,2,4,8,0,24,2,8,1,3,1,0,0,0,0,4
502,31,1,2,1,5,13,1,26,4,1,63,3,2,4,1,1,11,3,10,4,3,10,7,0,8,1,3
503,53,1,1,2,5,13,2,24,4,1,66,3,3,1,6,1,13,2,15,2,2,2,2,2,2,1,2
504,33,1,1,0,4,9,1,7,2,4,36,3,2,3,1,0,20,3,9,2,3,9,7,2,8,0,4
505,43,1,1,1,4,5,2,11,3,1,30,3,3,3,1,0,17,2,10,1,3,10,9,0,9,0,3
506,38,1,4,1,3,6,1,1,4,4,88,3,1,2,0,1,11,2,7,2,3,6,2,1,2,0,3
507,31,0,3,0,4,9,2,2,1,4,59,1,1,4,1,1,11,3,1,4,3,1,0,0,0,0,3
508,42,1,1,2,4,12,0,23,2,4,37,2,2,3,1,0,12,4,20,2,3,20,9,3,7,0,3
509,31,0,3,1,4,11,0,10,3,3,40,3,3,3,4,0,20,3,13,2,4,11,7,4,8,0,4
510,54,0,3,2,4,10,2,10,3,3,77,3,2,1,6,1,19,4,9,3,3,5,2,1,4,0,3
511,24,1,1,2,4,5,2,1,2,2,45,2,2,3,1,0,12,2,4,2,2,4,3,1,2,0,2
512,40,0,2,1,5,13,2,2,2,2,92,3,2,2,3,0,14,3,15,4,3,11,8,5,10,0,2
513,25,0,0,1,3,6,2,2,3,3,82,3,1,2,4,0,14,3,6,3,3,2,0,1,2,0,3
514,25,1,4,0,4,7,2,2,1,4,57,3,1,3,6,1,19,3,7,2,2,2,2,0,2,0,3
515,38,1,1,1,5,13,2,1,4,4,86,3,2,2,0,0,15,1,16,3,3,15,13,5,8,0,3
516,31,1,1,1,5,14,2,2,2,1,54,3,1,3,0,0,19,3,3,1,3,2,2,1,2,0,2
517,42,1,1,0,4,12,2,18,4,4,35,3,2,1,6,1,17,3,9,3,2,4,3,1,2,0,3
518,41,1,1,1,4,12,2,1,3,4,76,3,1,4,3,0,22,1,12,3,3,5,3,1,0,0,4
519,47,0,3,1,4,12,0,1,1,3,98,3,3,2,0,0,18,1,14,3,1,13,8,5,12,0,2
520,35,1,3,1,4,11,2,11,4,4,43,3,1,3,7,1,11,3,5,3,3,2,2,2,2,0,3
521,22,1,1,2,4,12,2,1,2,4,63,3,1,3,0,0,12,4,4,2,4,3,2,1,2,0,3
522,32,0,1,2,4,7,2,29,4,3,49,2,1,2,1,0,13,3,6,3,3,6,2,4,1,0,3
523,40,1,1,1,4,7,2,1,4,1,83,3,1,4,8,0,19,3,8,3,2,1,0,0,0,0,3
524,32,1,3,1,5,14,2,1,4,2,68,2,1,2,0,0,14,2,3,2,3,2,2,2,2,0,2
525,39,1,1,2,4,12,2,24,1,1,52,3,2,4,7,0,13,1,18,2,3,7,7,1,7,0,2
526,37,0,1,1,4,11,2,10,3,3,42,4,3,4,1,1,25,1,16,2,3,16,11,6,8,0,4
527,25,0,4,0,5,13,2,8,2,1,85,3,2,3,0,1,22,2,6,3,2,5,3,0,4,0,3
528,52,1,1,0,5,14,0,29,4,1,40,3,1,4,2,0,15,2,16,3,2,9,8,0,0,0,3
529,44,1,3,2,4,12,2,1,3,2,42,3,1,4,6,1,12,3,6,2,3,4,3,1,2,0,2
530,23,1,2,1,5,14,1,9,3,4,33,3,1,1,1,0,19,1,1,3,2,1,0,1,0,1,3
531,36,0,3,1,5,13,2,3,3,1,94,2,3,4,0,0,19,3,10,2,3,9,7,3,4,0,2
532,36,0,1,0,4,10,1,4,2,4,97,3,2,2,7,0,13,2,18,3,3,4,2,0,2,0,3
533,56,1,1,0,4,5,0,1,4,3,57,3,2,3,1,0,21,1,13,2,2,13,12,1,9,0,4
534,41,0,1,1,4,10,2,28,4,1,60,2,4,2,0,0,23,3,21,3,3,20,7,0,10,0,3
535,34,0,2,1,5,13,2,28,3,4,95,2,2,3,1,0,21,4,8,2,3,8,7,1,7,0,4
536,32,1,5,2,4,12,2,2,3,4,78,3,1,1,1,0,14,4,4,4,3,4,2,1,2,0,3
537,35,0,1,2,3,6,2,26,4,3,31,3,3,4,1,1,16,3,9,2,3,9,0,1,7,0,3
538,38,0,1,1,5,13,2,10,2,1,100,3,2,4,1,0,11,3,10,1,3,10,7,1,9,0,2
539,50,1,1,0,5,13,1,1,4,2,94,3,2,3,7,0,12,4,12,3,3,6,3,0,1,1,4
540,36,0,2,1,5,13,2,11,4,2,100,2,2,4,4,0,13,1,8,2,2,6,3,0,0,0,3
541,40,1,1,2,4,12,2,2,4,3,52,2,1,3,2,0,14,4,8,2,3,2,2,2,2,0,3
542,35,1,1,1,4,12,1,18,4,3,80,3,2,3,1,1,14,4,10,2,4,10,2,0,2,0,3
543,40,0,3,1,4,12,2,2,4,3,98,3,1,3,2,0,14,2,20,2,3,5,3,0,2,0,3
544,29,1,4,1,4,12,2,13,2,4,46,2,2,2,4,1,13,1,10,2,3,4,3,0,3,0,3
545,29,0,3,2,4,12,2,28,4,4,73,2,1,1,1,0,14,2,5,3,1,5,4,0,4,0,2
546,50,1,2,0,5,13,2,28,3,4,39,2,3,1,4,1,13,2,20,3,3,3,2,2,0,1,3
547,31,1,3,2,4,10,0,5,3,2,74,3,2,1,0,0,19,2,10,2,3,9,4,1,7,0,2
548,26,0,4,2,5,14,2,5,3,4,30,2,1,3,0,0,18,4,5,2,3,4,2,0,0,0,3
549,49,1,3,1,5,13,1,2,3,4,63,2,2,2,2,0,14,4,17,3,2,9,6,0,8,0,3
550,34,1,3,1,4,7,2,8,3,2,82,4,2,3,2,0,12,1,6,3,4,4,3,1,2,0,3
551,32,1,1,2,1,15,1,2,2,4,79,3,1,4,0,0,13,3,8,2,2,7,7,3,6,0,3
552,59,0,3,1,1,15,2,3,3,3,81,4,1,1,4,1,20,1,12,3,2,1,0,0,0,0,4
553,30,1,1,0,1,15,2,24,1,4,67,3,1,3,1,0,22,2,1,2,3,1,0,0,0,0,4
554,36,1,3,1,1,15,2,27,3,3,94,3,2,3,6,0,13,2,17,3,2,7,7,7,7,0,3
555,31,1,1,0,1,3,2,26,1,1,31,3,1,3,1,0,17,4,5,1,2,5,2,4,3,0,2
556,34,1,3,0,1,15,2,19,2,2,93,3,1,4,0,0,11,3,3,2,3,2,2,1,2,0,2
557,28,1,1,2,1,3,2,24,3,3,50,2,1,3,5,1,14,2,6,4,3,4,2,0,3,1,3
558,22,1,3,0,1,15,0,16,2,4,96,4,1,4,1,1,13,2,1,2,2,1,0,0,0,0,3
559,38,1,1,2,1,3,2,2,3,4,45,3,1,4,5,1,11,3,6,3,3,3,2,1,2,0,3
560,34,0,1,2,1,3,2,7,4,1,53,3,3,2,0,0,11,3,13,4,3,12,6,2,11,0,3
561,34,1,3,2,1,3,2,6,1,2,83,3,1,1,2,0,11,3,8,2,3,4,2,1,3,1,3
562,53,0,4,0,1,15,2,5,3,3,58,3,5,3,4,0,11,4,26,3,2,14,13,4,8,0,3
563,42,1,2,1,5,13,2,8,4,3,48,3,2,2,0,0,11,4,10,2,3,9,7,4,2,0,3
564,46,0,2,2,5,8,2,2,4,2,83,3,5,1,3,0,12,4,22,2,2,2,2,2,1,0,2
565,33,1,3,2,1,3,2,2,3,3,78,3,1,4,4,0,11,4,7,3,3,1,1,0,0,0,3
566,24,1,3,1,1,3,2,1,3,2,61,3,1,4,2,1,16,1,6,2,2,2,0,2,0,1,3
567,43,0,3,0,1,17,2,2,2,4,72,4,1,3,1,0,12,4,6,3,2,5,3,1,4,0,3
568,50,1,2,1,5,14,2,3,2,1,86,2,1,3,1,1,14,3,3,2,3,3,2,0,2,1,3
569,35,0,2,1,5,14,2,2,3,4,97,3,1,4,1,0,13,1,2,3,3,2,2,2,2,0,3
570,33,0,1,1,5,13,1,1,3,3,42,4,2,1,2,0,19,1,10,3,3,5,3,1,3,0,3
571,35,1,4,0,1,3,2,4,2,3,75,3,1,4,1,0,12,3,1,3,3,1,0,0,0,0,3
572,26,1,1,2,1,17,2,25,3,1,48,1,1,3,1,0,12,3,1,2,2,1,0,0,1,1,3
573,30,0,3,2,1,3,1,1,2,3,58,3,2,4,1,0,23,4,12,2,3,12,8,3,7,0,4
574,37,1,1,1,1,3,2,19,2,2,73,3,1,2,4,0,21,1,8,1,3,1,0,0,0,0,4
575,46,1,2,2,5,13,1,5,4,1,98,3,2,4,4,1,21,3,14,4,3,9,6,0,8,0,3
576,35,1,1,1,1,17,2,8,1,4,36,4,1,4,1,0,19,4,1,2,3,1,0,0,1,0,3
577,28,1,5,2,1,17,2,5,4,3,50,3,1,3,1,1,13,3,2,3,2,2,2,2,2,1,3
578,44,0,2,0,5,13,2,1,5,2,75,3,2,1,5,1,21,3,9,2,2,4,3,1,3,0,2
579,35,1,3,1,1,17,0,11,2,3,79,2,3,1,2,1,13,3,10,3,3,4,0,2,3,0,3
580,26,0,2,1,5,13,2,23,3,3,47,2,2,4,7,1,19,3,5,2,2,2,2,0,0,0,3
581,35,1,1,1,5,13,1,18,5,2,71,3,3,1,1,0,22,4,9,3,2,9,8,1,8,0,2
582,35,0,3,1,1,0,2,23,4,3,30,3,1,1,3,1,15,3,4,3,3,2,2,2,2,0,3
583,31,1,1,0,1,3,2,7,4,4,48,3,2,4,3,0,22,4,10,3,2,7,7,1,7,0,4
584,37,1,1,0,1,0,2,1,4,1,51,2,2,3,1,0,18,3,7,2,4,7,5,0,7,0,3
585,32,1,3,1,1,3,2,1,3,1,33,3,2,4,1,1,22,2,9,3,3,9,8,7,8,0,3
586,36,1,1,2,1,0,1,11,3,2,95,2,2,2,1,0,13,3,6,3,3,6,5,0,3,0,4
587,45,1,1,0,1,0,2,7,3,2,59,3,3,1,2,0,17,3,25,2,3,1,0,0,0,0,3
588,35,1,3,1,1,3,1,1,3,2,79,3,1,1,4,0,13,4,5,2,2,3,2,1,2,0,3
589,29,1,1,1,1,0,2,2,3,3,76,3,1,2,0,0,23,4,6,3,3,5,4,0,4,0,4
590,31,1,3,2,1,0,2,1,4,3,87,3,1,2,1,0,17,2,1,4,3,1,1,1,0,0,3
591,32,1,1,1,1,3,2,1,3,2,66,3,2,2,1,0,17,2,10,3,3,10,4,0,9,0,3
592,36,0,1,1,1,3,2,6,3,2,55,4,1,4,3,0,12,2,5,3,3,1,0,0,0,0,3
593,31,0,1,2,1,3,2,8,4,3,61,3,2,4,1,0,23,4,11,2,3,11,7,1,8,0,4
594,35,1,2,2,5,13,2,1,4,3,32,2,2,1,0,0,14,2,16,2,3,15,13,2,8,0,3
595,46,1,3,0,3,6,2,5,2,2,80,3,2,2,8,1,22,4,16,2,3,4,2,0,2,0,3
596,30,1,1,1,1,3,2,1,1,4,55,2,2,4,1,1,12,3,10,1,2,10,8,3,0,0,3
597,35,1,3,2,1,0,2,1,3,2,30,2,1,3,1,0,18,1,6,3,3,6,4,0,4,0,3
598,55,1,1,1,5,13,2,1,2,1,70,3,3,4,3,0,14,4,24,4,3,1,0,1,0,0,3
599,38,0,3,0,1,3,0,6,3,2,79,1,2,4,7,1,12,4,17,3,3,13,11,1,9,0,3
600,34,1,3,1,1,0,2,1,2,1,94,3,2,2,1,0,15,3,5,2,3,5,2,1,3,0,3
601,23,1,5,0,5,14,2,2,1,3,62,3,1,1,3,0,13,3,3,3,3,0,0,0,0,0,3
602,46,1,3,2,5,13,2,9,2,3,64,2,3,4,1,0,16,4,9,3,3,9,8,4,7,1,3
603,51,1,2,2,5,13,2,21,4,3,71,3,2,4,0,1,22,4,11,2,1,10,7,1,0,0,3
604,30,0,3,0,5,13,2,4,2,3,63,2,2,2,1,1,12,2,11,4,2,11,8,2,7,0,3
605,24,0,4,1,5,13,2,3,2,1,33,3,2,3,0,0,21,1,4,2,2,3,2,0,2,0,3
606,28,1,3,1,5,13,0,4,3,2,43,3,2,3,1,0,15,2,5,3,4,5,4,0,4,0,4
607,44,1,3,1,1,3,0,23,3,2,67,3,2,2,4,0,12,3,17,3,4,3,2,1,2,0,3
608,37,1,0,0,3,6,2,6,4,3,63,3,1,1,4,1,22,4,7,3,3,3,2,0,2,1,4
609,32,1,1,2,1,3,2,1,1,4,71,3,1,1,1,0,13,4,1,2,3,1,0,0,0,0,3
610,34,0,4,2,1,3,2,6,4,1,41,3,2,3,1,0,14,3,16,3,3,16,13,2,10,0,3
611,37,1,1,0,1,0,0,2,2,3,100,2,2,4,5,0,14,4,17,2,4,1,0,0,0,0,3
612,50,0,1,1,1,0,1,1,3,1,73,3,5,2,3,1,19,1,28,1,2,8,3,0,7,0,3
613,25,1,2,2,5,13,2,5,3,3,46,2,2,3,1,1,11,4,6,1,3,6,4,0,3,1,3
614,25,1,3,1,1,0,2,7,1,4,64,2,1,4,1,0,11,3,2,2,3,2,2,2,1,0,3
615,34,1,1,2,1,3,1,7,3,1,66,1,2,3,1,1,24,4,9,3,3,9,7,0,6,1,4
616,54,0,0,2,3,8,0,26,3,4,30,4,4,4,2,1,12,3,23,3,3,5,3,4,4,0,3
617,24,1,1,1,1,0,2,18,1,2,52,3,1,3,0,0,12,3,6,2,3,5,3,1,2,0,3
618,34,0,1,0,1,0,2,6,4,3,45,2,2,2,6,0,15,3,12,3,3,1,0,0,0,0,3
619,37,1,1,2,5,13,2,3,3,3,87,3,3,4,2,0,12,1,12,3,3,5,3,1,3,0,3
620,36,0,1,0,1,3,2,3,2,1,39,3,1,4,5,0,22,1,7,2,3,1,0,0,0,0,4
621,33,1,2,1,5,13,0,22,2,3,95,3,2,2,0,0,13,1,8,2,4,7,7,0,7,0,3
622,31,1,1,1,5,13,2,6,4,2,76,1,2,3,4,1,18,2,12,3,2,7,7,7,7,1,2
623,26,0,4,1,1,3,2,6,3,3,46,2,1,2,1,0,19,3,5,3,2,5,4,4,3,0,3
624,19,1,2,2,5,14,2,22,1,4,50,3,1,3,1,1,19,4,0,2,2,0,0,0,0,1,3
625,22,1,5,1,1,3,2,2,1,3,100,3,1,4,0,0,14,3,3,2,3,2,1,2,1,0,3
626,49,0,3,1,1,3,2,20,4,3,96,3,2,1,1,0,14,3,16,2,2,15,11,5,11,0,3
627,43,0,3,2,1,3,1,28,3,2,72,4,1,3,4,0,12,4,18,2,3,3,2,1,2,0,3
628,50,0,2,2,5,13,1,12,3,3,77,3,3,4,4,0,11,4,16,3,3,2,2,2,1,0,3
629,31,0,1,1,5,13,2,20,3,2,71,1,2,3,3,1,11,3,4,2,3,2,2,2,2,1,2
630,41,1,1,0,5,13,2,9,1,3,96,3,3,3,3,1,13,3,12,2,3,9,7,0,7,0,3
631,26,0,1,1,3,6,2,25,1,3,61,3,1,3,1,0,23,4,8,3,3,8,7,5,7,0,4
632,51,1,1,2,1,0,1,8,4,1,53,1,3,4,2,0,15,4,18,2,3,4,2,0,3,1,4
633,25,1,1,1,5,13,2,28,3,1,41,2,2,3,2,0,18,4,6,3,3,2,2,2,2,0,2
634,30,1,0,1,3,6,2,9,3,3,48,3,2,4,0,1,19,4,12,2,1,11,9,4,7,0,3
635,45,1,3,2,1,18,2,29,3,3,83,3,1,4,5,0,13,2,9,2,2,6,5,0,3,0,3
636,38,0,5,2,1,3,2,3,5,4,32,3,2,3,3,1,20,2,19,2,3,3,2,2,2,0,4
637,30,0,1,2,1,3,2,18,3,1,75,3,1,3,1,0,14,3,5,4,2,5,4,0,4,0,3
638,30,0,5,0,1,3,2,5,3,4,84,3,1,1,5,0,14,4,8,3,3,3,2,2,2,0,3
639,41,1,1,1,1,3,2,9,4,3,94,3,1,1,2,0,21,4,7,2,3,5,0,1,4,0,4
640,19,0,3,2,1,18,2,3,1,2,79,3,1,2,1,0,14,4,1,3,3,1,0,0,0,0,3
641,35,1,2,1,5,13,2,1,5,3,94,3,3,2,1,0,13,1,10,3,3,10,8,0,6,0,3
642,53,1,2,1,5,14,2,6,2,2,34,3,2,3,2,1,20,4,13,3,1,7,7,4,5,0,2
643,32,0,2,2,5,13,1,8,3,2,43,3,3,4,1,0,14,4,9,2,3,9,8,3,7,0,2
644,29,1,5,1,1,18,0,1,1,4,41,3,2,3,1,0,13,1,10,1,3,10,7,0,9,0,3
645,58,0,3,1,1,18,2,9,3,2,75,2,1,2,4,1,20,2,9,3,2,1,0,0,0,0,4
646,40,1,2,1,5,13,2,4,4,3,67,2,3,4,7,0,11,1,15,2,2,12,11,2,11,0,3
647,34,0,2,1,5,14,1,2,4,3,75,3,1,3,6,0,18,4,6,3,3,4,3,1,2,0,3
648,27,1,3,0,1,3,0,9,3,4,57,3,1,2,6,0,18,4,6,1,1,2,2,2,2,0,3
649,28,1,3,1,1,3,2,21,3,3,42,3,1,4,1,0,11,3,5,2,1,5,2,0,2,0,3
650,57,1,1,0,1,3,2,24,2,3,83,4,3,4,3,1,16,2,12,2,1,5,3,1,4,0,3
651,27,1,3,0,1,18,0,3,3,3,79,2,1,3,1,1,15,4,1,2,2,1,1,0,1,0,3
652,41,1,1,0,1,3,2,14,3,1,56,3,1,3,4,0,12,1,13,2,3,9,8,1,8,0,3
653,30,0,1,1,5,13,2,5,3,2,41,3,3,4,2,0,12,3,12,2,3,10,9,7,4,0,2
654,38,0,1,2,5,13,2,1,4,1,59,2,2,4,4,0,22,3,12,2,4,8,3,0,7,0,4
655,32,1,1,2,1,3,2,6,5,3,43,3,1,3,3,0,20,1,8,2,3,5,4,1,4,0,4
656,27,1,5,1,1,18,2,17,3,3,51,3,1,2,0,1,16,4,6,3,2,5,2,1,1,0,3
657,36,1,3,2,1,18,1,3,2,4,30,3,1,2,4,0,12,3,13,3,2,8,7,7,2,0,3
658,30,1,3,0,1,3,0,9,3,3,66,3,2,1,1,0,11,3,12,4,3,12,9,6,10,0,3
659,45,0,1,0,5,13,2,4,2,3,30,3,2,1,4,1,11,1,9,3,4,5,4,0,3,0,3
660,56,0,1,0,1,3,2,8,3,3,67,3,1,1,4,1,18,3,19,3,3,2,2,2,2,0,3
661,33,1,1,2,1,3,2,2,3,3,90,3,1,4,0,0,14,1,4,2,4,3,1,0,2,0,3
662,19,1,1,2,1,3,2,2,3,2,47,2,1,4,1,0,22,3,1,3,2,1,0,1,0,1,4
663,38,0,1,2,1,18,2,9,2,3,75,3,1,4,1,0,12,3,2,3,3,2,2,2,1,0,3
664,34,0,3,2,1,3,2,27,2,4,95,3,1,2,2,0,15,4,9,3,3,3,2,1,2,0,3
665,50,1,3,1,1,3,2,1,3,3,86,2,1,3,2,0,15,4,5,2,2,3,2,0,2,0,3
666,53,0,3,0,1,18,2,13,2,4,57,4,2,1,1,0,11,3,5,3,3,4,2,1,3,0,3
667,34,1,1,1,1,18,1,2,1,4,45,2,2,3,1,0,17,3,10,2,2,10,9,1,9,0,3
668,27,0,3,2,1,3,2,9,3,4,99,3,1,2,1,0,16,4,7,2,2,7,7,0,3,0,3
669,35,1,1,1,1,3,2,23,2,2,50,2,2,3,3,1,13,1,8,1,3,1,0,0,1,1,3
670,43,1,3,0,1,18,0,7,3,4,37,4,1,4,4,0,14,4,7,3,4,5,4,2,2,0,3
671,37,1,1,1,1,3,2,21,3,2,65,4,1,1,1,1,12,1,8,3,2,8,7,1,7,0,3
672,38,1,5,1,1,18,2,29,3,4,54,3,2,4,3,0,18,1,9,3,1,7,7,1,7,0,3
673,27,1,5,1,1,3,1,1,1,3,60,2,2,1,5,0,19,3,6,1,3,2,2,2,0,0,3
674,34,1,3,0,1,3,1,10,4,4,43,3,1,3,1,1,17,4,5,4,4,5,3,2,0,0,3
675,40,1,3,1,1,3,2,19,2,3,99,3,2,4,8,1,15,3,15,2,4,7,2,3,7,0,3
676,38,1,3,1,1,18,2,29,1,2,70,3,2,1,7,1,19,2,17,2,3,1,0,0,0,1,3
677,29,0,2,1,5,13,2,27,3,2,35,3,3,4,1,0,22,4,10,3,2,10,4,1,9,1,2
678,22,1,1,0,1,18,2,5,3,4,60,4,1,2,1,1,16,1,4,2,2,4,2,2,2,0,3
679,36,0,3,2,1,3,1,18,1,2,73,3,1,4,1,0,13,1,8,2,3,8,1,1,7,0,3
680,27,0,1,2,5,13,1,20,3,4,90,3,2,3,1,0,14,4,7,2,3,7,7,0,7,0,3
681,41,0,1,2,5,8,2,6,3,4,75,3,3,4,3,1,18,3,16,3,3,1,0,0,0,0,3
682,29,1,5,2,1,3,2,1,3,3,85,3,1,3,0,0,14,4,7,1,2,6,2,1,5,1,3
683,54,0,2,1,5,13,2,3,3,4,52,3,2,1,2,0,14,4,16,4,3,6,2,0,5,0,3
684,36,1,1,2,1,18,2,5,2,4,62,3,2,2,8,0,16,4,16,3,4,13,11,3,7,0,3
685,37,1,4,0,1,3,1,11,3,2,47,3,3,4,1,1,14,3,10,1,3,10,8,0,7,0,3
686,31,1,3,1,1,3,0,1,4,3,90,1,2,3,0,0,12,4,6,2,3,5,4,1,4,0,3
687,37,1,2,0,5,14,1,4,4,1,41,3,1,4,4,0,17,3,13,2,3,9,8,5,8,0,2
688,35,0,2,2,5,13,1,1,3,3,92,3,3,3,1,0,14,1,10,3,4,10,7,0,8,0,4
689,29,1,3,2,1,3,2,18,1,3,86,2,1,4,1,1,13,3,4,3,2,4,3,0,1,1,3
690,52,0,1,2,1,18,2,2,3,3,89,2,1,4,7,0,15,2,6,3,2,2,2,2,2,0,3
691,59,1,3,1,3,6,2,6,2,2,52,3,1,3,8,0,17,4,7,2,2,2,2,2,2,0,2
692,33,1,3,1,1,3,2,14,3,3,58,3,1,4,5,1,13,3,8,2,1,5,4,0,4,1,3
693,43,0,2,1,5,8,2,16,3,4,80,3,4,4,5,1,22,3,22,3,3,17,13,1,9,0,4
694,33,0,1,1,1,3,2,2,2,1,39,3,1,1,7,0,20,1,13,3,4,9,7,1,7,1,3
695,32,1,1,2,1,3,2,1,3,4,62,2,1,3,0,1,14,4,4,2,1,3,2,1,2,1,3
696,39,0,3,0,0,1,2,1,4,3,96,3,1,3,7,0,14,3,7,1,3,3,2,1,2,0,3
697,32,1,2,1,5,13,0,26,4,3,100,3,2,4,0,0,18,1,4,2,3,3,2,2,2,0,3
698,41,1,1,0,0,1,2,19,2,3,36,3,2,1,2,0,16,1,17,2,2,1,0,0,0,0,3
699,33,0,1,1,1,3,2,5,4,3,63,2,1,4,1,0,13,3,2,2,2,2,2,0,2,0,3
700,34,1,1,1,1,3,2,2,4,4,84,2,2,1,6,0,13,2,13,3,3,11,9,5,9,0,3
701,37,0,3,1,1,18,2,1,2,3,83,2,1,1,2,0,14,1,17,2,2,3,1,0,2,0,3
702,45,1,1,1,1,18,1,7,4,1,77,4,2,3,4,0,17,4,9,1,3,3,2,0,2,0,4
703,42,0,1,2,1,3,2,17,2,4,82,4,2,1,3,1,13,3,10,1,3,3,2,0,2,0,3
704,29,1,2,0,5,13,2,20,2,4,45,3,2,4,2,0,14,4,10,2,3,3,2,0,2,0,3
705,25,0,1,1,1,3,2,1,3,1,62,3,2,3,0,0,12,4,5,3,3,4,2,1,2,0,3
706,42,0,3,0,1,3,2,2,3,4,56,2,1,1,0,1,11,3,10,4,3,9,6,7,8,0,3
707,32,1,1,1,1,18,1,7,3,2,100,4,1,2,1,0,20,3,5,3,1,5,1,0,3,0,3
708,46,0,5,1,5,8,2,2,3,3,75,1,4,2,3,1,12,2,28,2,2,7,7,7,7,0,3
709,29,1,3,1,5,13,2,2,3,1,78,2,2,2,2,0,19,2,10,2,3,0,0,0,0,0,3
710,31,1,3,1,0,1,2,23,3,2,64,2,2,4,0,0,21,2,10,2,3,9,0,7,8,0,4
711,25,1,1,0,1,3,0,5,2,2,85,4,2,1,1,0,12,4,6,2,3,6,3,1,5,0,3
712,45,1,3,1,1,18,2,20,2,3,79,3,4,4,0,1,14,2,21,2,3,20,7,4,10,0,3
713,28,1,3,1,1,18,2,9,3,4,94,3,1,4,1,0,23,4,5,3,2,5,2,0,4,0,4
714,21,1,3,2,1,3,2,3,2,4,100,2,1,3,1,0,17,1,3,4,4,3,2,1,0,0,4
715,37,0,3,0,1,3,0,1,4,1,80,3,3,4,2,1,18,1,15,2,3,5,2,0,2,0,3
716,38,0,3,0,5,13,2,7,2,1,44,4,2,1,1,1,24,3,8,3,3,8,0,7,7,0,4
717,50,1,1,0,1,3,2,4,1,1,96,3,5,2,3,0,14,1,28,4,2,10,4,1,6,0,2
718,26,1,3,1,1,3,1,11,2,1,60,3,2,1,1,1,13,3,5,3,3,5,3,3,3,0,3
719,37,0,1,2,1,18,2,1,3,4,42,3,1,4,1,0,12,2,17,3,3,17,12,5,7,0,3
720,26,1,3,0,0,1,2,16,4,1,45,3,1,2,2,1,13,4,5,2,3,3,2,0,2,1,3
721,28,0,1,2,1,18,2,8,2,4,66,3,1,4,1,0,21,4,5,3,3,5,3,0,2,0,4
722,37,1,3,1,1,3,1,9,3,2,53,3,1,4,1,1,12,3,4,3,2,4,2,1,2,0,2
723,42,0,2,1,5,13,1,26,3,3,77,3,4,2,5,0,14,4,23,2,4,20,4,4,8,0,3
724,18,1,1,2,1,3,2,3,3,3,54,3,1,3,1,0,13,3,0,2,3,0,0,0,0,1,3
725,35,1,2,1,5,13,2,16,3,3,96,3,3,2,0,0,15,3,12,3,2,11,9,6,9,0,3
726,36,1,1,1,1,3,1,18,4,3,81,4,1,4,4,0,18,4,4,2,3,1,0,0,0,0,3
727,51,1,3,0,1,18,2,2,3,4,84,1,2,2,5,0,18,4,13,3,3,4,1,1,2,0,3
728,18,0,3,2,5,14,2,10,3,4,69,2,1,3,1,0,12,1,0,2,3,0,0,0,0,0,3
729,28,1,3,2,0,1,2,16,2,2,68,4,2,1,0,0,19,3,9,2,3,8,3,0,7,0,3
730,36,0,1,1,1,18,0,24,4,2,47,3,2,2,7,0,15,3,11,3,3,9,8,0,8,0,3
731,32,1,1,1,5,13,2,7,3,4,91,2,2,3,1,0,14,3,13,3,2,13,8,4,8,0,3
732,38,0,1,1,1,3,2,25,2,1,81,2,3,2,3,0,17,3,19,2,3,10,8,0,1,0,3
733,31,1,5,1,1,3,2,5,4,3,86,3,1,4,0,1,12,3,6,4,3,5,2,0,3,0,3
734,31,1,0,1,3,6,2,2,3,1,62,2,2,1,3,0,12,4,9,1,3,2,2,1,0,0,2
735,31,1,1,0,1,3,2,2,4,3,32,3,1,4,0,1,18,2,3,2,1,2,2,2,2,0,3
736,49,0,5,2,1,18,2,1,2,3,90,2,4,3,7,1,12,4,25,2,3,7,1,0,7,0,3
737,27,0,1,2,1,18,2,5,3,3,85,3,1,2,1,1,12,2,4,2,2,4,3,1,2,0,3
738,27,1,1,2,5,13,2,2,3,4,74,3,2,3,1,1,11,1,5,3,3,5,4,0,4,0,3
739,31,1,2,0,5,13,2,7,3,4,73,3,2,4,4,0,12,4,13,3,3,7,7,1,7,0,3
740,30,0,3,1,1,2,2,28,2,4,64,3,2,4,1,0,13,4,11,2,3,10,8,1,9,0,3
741,39,0,3,1,5,13,2,3,2,4,41,3,2,3,4,1,18,1,12,3,2,1,0,0,0,1,3
742,47,1,1,1,0,1,2,5,5,4,42,3,5,3,4,0,11,2,21,2,3,3,2,1,1,0,3
743,43,0,1,1,1,2,2,7,3,3,43,3,3,1,8,0,16,1,10,1,2,1,0,0,0,0,3
744,40,1,3,1,5,13,2,1,2,2,57,1,2,4,2,1,22,3,6,2,2,4,3,0,2,0,3
745,29,1,4,1,1,3,2,8,4,2,77,1,1,1,1,1,11,4,7,4,2,7,7,0,7,1,3
746,30,0,2,0,5,13,2,5,3,4,30,2,2,3,1,0,13,3,10,2,3,10,9,1,2,0,3
747,27,0,2,1,5,13,2,8,4,2,56,3,2,2,1,0,18,1,8,3,3,8,7,0,7,0,3
748,37,1,3,0,1,2,2,5,2,4,61,3,2,4,7,0,16,3,8,2,2,6,2,0,4,0,3
749,38,1,1,0,1,3,2,15,2,3,92,2,3,4,0,1,14,2,12,3,3,11,10,2,9,0,3
750,31,0,3,2,1,2,2,7,4,3,39,3,3,4,1,1,14,3,11,2,2,11,9,4,10,0,3
751,29,0,2,0,5,13,2,10,1,4,39,2,2,2,1,1,14,1,7,2,3,7,7,1,7,0,3
752,41,1,3,2,1,3,2,6,3,4,95,2,2,2,6,1,15,4,8,3,3,5,4,1,2,0,3
753,47,1,3,2,5,14,1,4,1,2,99,3,2,3,3,0,19,1,5,3,3,0,0,0,0,0,3
754,42,0,1,2,1,3,2,23,5,1,44,3,4,4,2,0,14,2,16,2,3,1,0,0,0,0,3
755,29,1,1,1,5,13,0,2,3,4,61,3,2,3,1,0,14,1,4,3,2,4,3,0,2,0,3
756,37,1,3,0,1,2,2,6,3,3,51,4,2,1,4,1,13,1,13,2,3,7,7,6,7,0,3
757,26,1,1,1,5,13,2,1,3,3,57,3,2,3,1,0,17,2,8,3,3,8,7,7,7,0,3
758,21,0,5,2,5,14,1,1,1,1,99,2,1,2,1,1,11,3,3,3,3,3,2,1,2,1,2
759,36,1,3,1,5,13,1,3,4,1,48,2,3,4,4,0,11,1,16,2,3,13,9,1,12,0,2
760,57,1,3,1,1,3,2,1,4,4,88,3,2,3,2,0,11,3,15,2,3,3,2,1,2,0,3
761,40,0,1,1,1,2,2,10,4,4,46,4,1,3,3,1,13,3,10,3,3,7,7,1,7,0,3
762,21,1,3,2,5,14,0,9,2,1,39,3,1,4,1,0,24,3,3,3,2,3,2,2,2,0,2
763,27,1,3,0,0,1,2,1,2,4,82,3,1,2,1,0,11,2,5,2,3,5,2,0,4,0,3
764,28,1,1,2,5,13,2,9,4,2,92,3,2,4,1,0,16,4,7,1,3,7,5,0,7,0,3
765,49,1,4,2,1,2,2,7,3,2,31,2,3,3,8,0,24,3,26,2,3,5,2,0,0,0,3
766,51,0,1,1,5,13,2,14,2,3,87,3,2,4,4,0,11,3,18,2,2,7,7,0,7,0,3
767,36,0,1,1,1,3,2,2,3,4,96,3,1,3,4,0,13,2,6,3,3,2,2,2,2,0,3
768,34,1,2,2,5,13,0,19,3,1,67,4,2,4,8,1,13,2,9,3,2,5,2,0,4,1,3
769,30,1,5,1,5,14,2,2,1,3,72,3,1,2,1,0,18,1,1,3,3,1,0,0,0,0,3
770,26,1,5,2,1,3,1,3,1,3,73,3,1,1,0,0,22,3,7,2,3,6,4,0,4,1,4
771,22,0,3,1,1,3,2,11,3,1,43,3,1,2,1,0,13,4,2,1,3,2,1,1,2,0,3
772,37,1,1,2,1,2,2,10,4,3,49,3,2,2,2,1,12,4,18,2,2,1,0,0,1,0,3
773,40,0,3,1,1,3,2,2,3,2,78,2,2,3,6,0,22,2,20,3,3,1,0,0,0,0,4
774,54,1,3,1,1,3,2,5,2,1,86,3,5,1,4,0,11,3,24,4,2,4,2,1,2,0,3
775,43,1,3,1,1,3,1,21,3,4,61,3,1,4,7,0,20,1,8,1,3,3,2,1,2,0,4
776,25,0,1,2,5,13,2,4,2,2,99,2,2,4,1,1,11,2,5,3,3,5,4,1,3,0,2
777,31,1,1,1,1,3,2,1,2,4,98,2,1,1,1,0,12,3,4,3,3,4,2,3,2,0,3
778,41,1,2,1,5,13,2,1,3,2,49,4,3,1,1,0,16,3,10,2,3,10,7,0,7,0,3
779,28,1,3,0,1,15,2,17,2,3,79,3,2,1,1,0,12,4,10,2,3,10,0,1,8,0,3
780,52,1,3,1,1,3,2,3,3,4,39,2,3,3,2,1,14,3,28,4,3,5,4,0,4,0,3
781,45,1,1,1,1,3,2,10,2,1,69,3,1,4,3,0,21,4,8,3,2,2,2,0,2,0,3
782,42,0,1,0,1,3,1,29,2,1,92,3,2,3,2,0,11,2,19,3,3,5,4,0,2,0,3
783,30,0,1,2,1,3,2,2,3,3,43,1,2,4,2,0,20,3,11,2,3,5,4,0,2,0,4
784,24,0,5,2,5,14,2,1,1,1,62,3,1,2,1,1,16,2,6,4,3,5,3,1,4,1,3
785,34,0,2,0,5,14,1,6,2,4,33,1,1,3,0,0,16,4,3,3,2,2,2,1,0,1,3
786,38,1,1,1,0,1,1,2,2,4,42,3,1,4,1,1,23,3,1,3,3,1,0,0,0,0,4
787,26,0,1,0,1,15,2,23,3,1,90,3,1,4,1,0,22,2,3,3,1,3,2,0,2,0,3
788,30,1,1,1,1,15,0,3,3,3,53,3,1,4,4,0,15,3,9,3,1,5,3,1,4,0,3
789,29,1,3,1,1,3,2,3,4,2,93,2,3,3,1,0,18,3,10,2,3,10,2,0,7,0,3
790,29,0,5,1,1,3,2,25,5,3,71,2,1,2,5,0,16,2,6,2,4,2,2,1,1,1,3
791,19,1,5,2,3,6,2,2,2,1,52,2,1,4,1,0,12,3,1,3,4,1,0,0,0,1,3
792,30,0,4,1,5,13,0,22,4,3,69,3,3,1,0,0,11,3,10,3,3,9,8,7,8,0,3
793,47,0,3,0,1,3,2,2,2,1,65,3,2,4,5,0,13,3,20,2,3,5,0,0,4,0,3
794,46,1,1,1,1,15,2,2,3,1,51,3,4,3,6,0,13,3,26,2,1,3,2,0,1,0,3
795,35,1,1,2,1,3,2,22,3,4,46,1,1,3,0,0,15,3,6,2,3,5,4,4,3,0,3
796,54,0,1,2,1,3,2,8,4,3,42,3,2,3,7,0,11,3,19,3,3,1,0,0,0,0,3
797,34,1,1,0,1,15,2,2,4,4,62,2,1,3,3,0,12,3,14,3,3,7,3,5,7,0,3
798,46,0,2,1,5,13,2,10,3,3,94,2,3,4,2,1,19,3,15,3,3,3,2,1,2,0,3
799,33,1,3,1,1,15,2,15,1,2,56,3,3,3,7,1,12,4,15,2,4,7,6,7,7,1,2
800,33,1,3,0,1,3,2,10,1,1,38,1,1,4,7,0,13,1,8,2,3,4,3,1,3,1,3
801,30,1,2,2,5,14,2,7,1,4,57,3,1,2,0,0,14,1,4,3,3,3,2,1,2,0,3
802,35,1,1,1,1,15,2,16,3,4,72,3,3,3,4,1,12,3,10,2,3,8,7,0,0,0,3
803,31,1,1,1,1,3,1,20,3,1,66,3,3,3,3,0,12,1,12,2,3,1,0,0,0,1,3
804,42,1,4,1,0,1,1,5,2,2,97,3,1,3,4,0,17,4,8,4,3,2,2,2,0,0,3
805,22,1,5,2,1,15,1,4,1,3,99,2,1,3,5,0,16,3,4,3,3,2,2,1,2,1,3
806,48,0,2,1,5,13,2,2,5,2,37,3,2,4,2,0,14,1,14,2,3,9,7,6,7,0,2
807,41,1,1,2,5,13,0,10,2,4,56,3,2,4,7,0,14,4,16,3,3,14,3,1,10,0,3
808,39,0,1,1,1,3,1,8,1,3,48,3,1,3,1,0,11,1,8,3,3,8,3,0,7,0,3
809,31,1,1,2,5,13,2,2,1,2,77,3,2,4,4,1,13,3,10,2,4,6,5,0,5,0,3
810,45,1,4,1,5,13,2,2,3,4,61,3,2,2,0,0,19,2,9,3,4,8,7,3,7,0,3
811,33,0,3,0,1,3,2,1,5,1,95,4,4,3,4,0,19,3,10,2,3,6,1,0,5,0,3
812,18,1,2,2,5,14,1,5,3,2,69,3,1,2,1,1,14,4,0,3,3,0,0,0,0,1,3
813,40,1,4,0,5,13,0,28,3,3,58,1,3,1,3,0,15,3,20,2,3,1,0,0,1,0,3
814,41,0,4,2,1,3,0,2,4,1,62,2,2,3,2,1,17,1,10,3,3,8,7,0,7,0,3
815,35,0,3,2,5,13,2,1,3,1,80,3,2,3,1,0,16,4,5,3,3,5,4,0,3,0,3
816,34,1,1,2,5,13,2,21,4,4,74,4,2,4,1,0,12,4,10,3,3,10,7,5,7,0,3
817,26,1,5,2,1,3,2,24,3,3,66,1,1,4,1,1,18,2,1,3,1,1,0,0,0,1,3
818,37,0,5,2,1,3,2,1,3,2,59,3,3,4,4,0,17,4,12,3,4,6,5,1,2,0,4
819,46,0,3,1,1,15,1,18,1,1,86,3,3,3,5,0,11,4,28,3,2,2,2,1,2,0,2
820,52,1,5,0,1,3,2,6,2,4,78,3,2,1,3,1,12,2,18,3,3,10,9,6,9,0,3
821,38,0,3,1,0,1,2,10,3,3,76,3,2,3,3,0,19,3,18,4,3,1,0,0,0,0,3
822,37,0,1,1,1,3,2,1,4,2,65,3,2,2,6,0,12,2,8,2,2,6,5,4,3,0,3
823,24,1,3,1,1,3,2,23,3,2,89,4,1,4,1,1,11,2,6,3,3,6,5,1,4,0,3
824,24,1,4,1,1,3,2,17,2,4,94,2,1,2,1,0,21,4,1,2,3,1,0,0,0,0,4
825,25,1,3,1,5,14,2,13,1,2,40,3,1,3,1,0,11,3,7,1,3,7,4,0,6,0,3
826,24,0,1,1,1,15,1,7,3,1,55,3,1,3,1,1,16,4,6,4,3,6,3,1,2,1,2
827,34,1,1,1,1,3,2,1,2,2,83,2,1,4,1,1,13,4,6,3,3,6,5,1,3,0,3
828,31,1,3,0,5,13,2,13,4,2,46,3,2,1,2,0,17,3,9,2,1,3,1,1,2,1,3
829,31,1,3,0,5,13,2,6,4,1,66,4,2,4,4,0,22,4,13,4,4,7,7,5,7,0,2
830,37,1,2,1,5,13,2,2,3,4,75,3,2,3,4,1,11,3,17,3,2,3,0,1,0,0,3
831,42,0,1,1,1,3,2,2,4,3,81,3,2,4,1,0,13,2,10,4,3,10,2,2,2,0,3
832,43,1,4,0,1,3,2,6,4,2,50,2,4,4,4,1,14,3,21,3,2,1,0,0,0,0,3
833,38,0,1,2,1,3,2,1,1,3,43,3,1,1,3,0,17,4,8,3,2,0,0,0,0,0,3
834,43,1,3,0,1,15,1,9,5,4,72,3,2,3,3,1,13,2,10,3,3,8,7,4,7,0,3
835,48,0,1,1,1,15,2,1,4,4,40,2,4,1,7,0,11,1,21,3,1,3,2,0,2,0,3
836,44,0,1,2,3,6,2,1,4,1,50,2,2,3,4,0,11,2,10,1,4,2,2,0,2,0,3
837,34,0,5,0,5,14,2,14,3,3,31,3,1,3,1,1,18,4,8,3,3,8,2,0,6,0,3
838,27,1,2,0,5,14,2,2,1,3,85,3,1,1,0,0,11,2,5,3,3,4,3,0,2,1,3
839,21,1,5,2,5,14,2,22,1,3,49,3,1,3,1,0,11,3,3,2,3,3,2,1,2,0,3
840,44,1,4,1,1,15,2,3,4,4,35,3,5,4,4,1,12,1,26,2,4,2,2,0,1,0,3
841,22,1,3,1,1,3,2,6,1,1,69,3,1,3,0,0,20,4,3,3,3,2,2,2,2,0,3
842,32,0,1,1,1,3,2,9,4,1,92,3,2,4,1,1,12,4,6,2,2,6,4,0,5,0,3
843,30,0,3,0,1,3,1,3,3,3,71,3,1,3,1,0,20,3,1,2,3,1,0,0,0,0,4
844,26,0,1,1,1,3,2,6,3,3,71,3,1,4,1,1,13,3,3,2,3,3,2,0,2,0,3
845,37,1,4,1,1,3,2,3,3,3,36,3,3,3,1,0,15,3,10,2,3,10,7,7,8,0,3
846,54,1,3,1,3,6,2,19,4,3,88,3,3,2,2,0,15,3,16,1,4,9,7,7,1,0,3
847,36,1,3,0,1,3,2,9,2,2,48,2,2,2,2,1,11,3,13,2,3,3,2,0,2,0,3
848,23,1,3,1,1,3,2,4,3,1,58,4,1,1,2,0,16,1,5,3,4,3,2,0,2,0,4
849,25,1,1,1,5,13,2,8,3,4,57,4,2,2,0,0,22,3,4,4,3,3,2,1,2,0,4
850,38,0,2,2,5,13,2,7,4,4,46,2,2,4,0,0,20,1,8,2,3,7,7,0,5,0,4
851,48,1,2,1,5,13,2,2,1,2,56,4,2,2,3,0,12,4,12,3,3,2,2,2,2,0,3
852,27,0,3,0,5,13,1,3,1,4,71,4,2,4,1,1,20,2,6,3,3,6,5,0,4,0,4
853,37,1,1,2,1,15,2,10,2,4,80,4,1,4,3,0,17,1,4,2,3,1,0,0,0,0,3
854,50,1,3,1,1,15,2,28,1,4,74,4,1,3,1,1,11,3,20,3,3,20,8,3,8,0,3
855,34,0,3,2,0,1,2,9,3,4,46,2,3,2,1,0,14,2,9,3,4,8,7,7,7,0,3
